ram1,android,weight_g,speed final,display,camera,intenal1,approx_price_EUR
0.1875,1.6,158,0.528,3.2,3.15,0.25,290
-1,1.5,-1,-1,3.2,5,0.1953125,90
0.25,1.6,135,0.768,3.5,5,0.5,90
0.1875,1.6,116,0.528,3.2,3.15,0.5,300
0.28125,2.1,120,0.528,3.2,5,0.5,80
-1,1.5,108,-1,3.5,3.15,0.25,230
0.375,1.6,135,1,4,8,1,120
0.25,2.1,165,0.6,3.7,5,0.1298828125,130
0.25,-1,150,0.624,3.5,5,0.5,180
0.5,2,137,0.55,3.7,5,1,230
0.25,2,140,0.6,3.7,5,0.5,230
0.25,-1,125,0.624,3.7,5,4,230
0.28125,1.6,118.5,0.528,3.2,3.15,0.5,90
0.1875,1.6,158,0.528,3.2,3.15,0.25,150
0.125,1.5,116.7,0.528,3.2,5,8,140
0.28125,1.5,135,0.528,3.2,5,0.5,100
0.1875,1.5,116,0.528,3.2,3.15,0.5,250
0.25,2.1,-1,0.528,3.5,3.15,-1,270
0.28125,1.5,135,0.528,3.2,5,0.5,260
-1,1.5,135,-1,3.5,3.15,0.1875,230
-1,1.5,161,0.8,3.2,3.15,-1,120
-1,1.5,130,-1,3.5,3.15,0.1875,250
0.28125,2.1,128,0.528,3.2,5,0.5,80
0.25,1.5,163,0.528,3.1,5,1,130
-1,1.5,124,0.8,3.2,3.15,0.17578125,160
-1,1.5,139,-1,3,5,0.146484375,90
0.25,1.6,113,0.528,2.8,3.15,0.5,60
0.25,1.5,133,0.528,3.1,5,0.5,150
0.15234375,1.6,115.5,0.6,3,3.15,0.1357421875,70
0.25,2.1,139,0.72,3.7,8,0.5,250
0.25,2.1,500,1,7,2,8,70
0.5,2.1,130,1,3.7,5,0.5,120
0.25,2.1,145,0.528,3,3.15,0.5,170
0.25,2.1,110,0.528,3,3.15,0.5,90
0.5,2.1,122,0.8,3.7,3.15,2,150
0.5,2.1,117.9,1,4,5,2,100
0.5,2.1,152,0.8,3.5,3.15,0.5,120
0.5,2.1,403,-1,7,3.15,0.5,170
0.5,2.1,110,0.6,3.5,3.15,0.5,170
0.375,2.1,115,0.528,3.2,5,0.5,110
0.5,2.2,135,0.8,3.6,5,0.5,70
0.375,2.2,115,0.6,3.2,5,0.5,120
-1,2.2,130,0.6,3.2,3.15,-1,50
-1,2.2,129,0.6,3.2,3.15,0.166015625,110
0.5,2.2,145,0.72,3.1,3.15,0.5,170
-1,2.2,131,1.2,3.7,5,8,180
0.5,2.2,134,1,3.1,5,2,110
-1,2.2,129,1,4,5,16,140
0.75,2.2,153.1,1,3.8,5,4,280
-1,2.2,117,0.6,3.2,3.15,0.15625,90
0.25,-1,130,-1,3.2,3.15,0.5,70
0.5,-1,182,0.6,3.7,8,0.5,180
0.25,2.1,120,0.6,3.5,3.15,0.5,280
0.25,2.1,100,0.6,2.8,3.15,0.25,180
0.25,2.1,110,0.528,3,3.15,0.5,170
0.328125,2.1,125,1,3.4,5,2,90
0.25,2.2,116,0.528,3.2,3.15,0.5,130
-1,2.2,153,0.6,3.2,3.15,0.146484375,60
-1,2.2,123,1,4,5,16,280
0.625,2.2,380,1,7,3.15,16,270
-1,2.2,102.1,0.528,2.8,3.15,-1,150
0.5,2.2,173,1.2,3.7,5,8,200
0.25,2.2,95,0.6,2.8,3.15,0.5,110
0.5,2.2,164,1,4.1,8,1,390
0.5,2.2,143,1,4.1,5,2,90
-1,2.2,140,1,3.8,5,8,130
0.5,2.2,118,0.8,3.7,5,2,150
0.5,2.2,169,1,3.7,5,8,110
0.5,2.2,119.8,1,4,5,-1,200
0.5,2.2,139,1,4,8,8,150
0.5,2.2,139,1,4,8,8,150
0.5,2.2,130,0.8,3.8,5,-1,100
0.5,2.3,129,1,4,5,16,170
0.25,1.5,105,0.416,2.8,3.15,0.25,70
0.25,1.5,130,0.528,3.1,5,0.5,100
-1,1.6,120,0.6,2.5,5,0.125,70
-1,1.6,88,0.6,2.5,5,0.125,70
0.25,2.1,125,0.6,3.2,3.15,0.5,80
0.375,2.1,126,0.6,3.2,5,0.5,120
-1,2.1,104,-1,2.6,3.15,-1,70
-1,2.1,110,-1,2.8,3.15,-1,90
-1,2.1,104,-1,2.8,3.15,-1,70
0.375,2.1,156,0.72,3.7,8,16,260
0.25,2.1,136,-1,3.5,3.15,4,340
0.5625,2.1,135,1,3.7,5,0.5,140
0.5,2.1,135,0.768,3.5,5,0.5,90
-1,-1,153.5,-1,3.5,3.15,0.0390625,470
-1,1.5,104,0.624,3.5,5,-1,230
-1,2.1,126,0.8,3.2,3.15,0.17578125,310
0.5,2.1,170,1,4.3,8,1,90
0.5,2.1,119,1,4,5,8,120
-1,-1,139,-1,3,5,0.166015625,180
0.25,1.6,118,0.6,3.2,5,-1,110
0.5,2.1,-1,-1,3.2,5,4,310
-1,2.1,130,1,3.7,8,8,80
0.375,2.1,128,0.72,3.7,5,1,100
0.125,2.1,109,-1,2.8,3.15,0.5,100
-1,2.1,157,1,3.5,5,3,70
0.5,2.1,-1,0.6,3.4,5,0.5,330
0.5,2.1,140,1,3.7,5,2,130
0.375,2.1,118,0.528,3.2,5,0.5,90
0.5,2.1,155,1,4.3,8,6.5,150
0.5,-1,220,1,5,5,16,190
0.25,1.6,109,0.416,2.6,3.15,0.5,90
0.25,1.6,105,0.416,2.8,3.15,0.5,70
0.1640625,1.6,104,0.6,3,3.15,0.125,100
0.375,2.1,115,0.6,3.2,5,0.5,150
0.25,2.1,139,0.6,3.7,8,0.5,190
0.5,2.1,120,0.6,2.8,3.15,0.5,90
0.25,2.1,115,0.528,3.2,3.15,0.5,90
-1,2.1,116,1,4,5,2,120
0.5,2.1,-1,1,4,5,16,150
0.5,2.1,155,1,4,5,0.5,200
-1,2.1,130,-1,3.2,3.15,-1,170
-1,2.1,102,0.6,2.8,2,0.166015625,80
0.25,2.1,113,0.667,3.2,3.15,0.5,140
0.25,2.1,109,0.667,3.2,3.15,0.5,140
0.5,2.1,118,1,4,5,16,170
-1,2.1,121,1,4,5,16,220
1,3,725,1,10,5,8,300
0.25,1.6,114,0.6,3.2,3.15,0.5,170
0.5,2.1,110,0.6,2.8,3.15,0.5,150
0.25,2.1,114,0.6,3.2,5,0.5,200
0.25,2.1,100,0.6,2.8,3.15,0.25,180
-1,2.1,139,-1,3.2,3.15,-1,150
-1,2.2,132,0.6,3.2,5,0.146484375,100
0.5,2.2,129,0.6,3.2,3.15,0.166015625,100
-1,1.6,114,-1,3.2,5,-1,140
-1,2.1,131,11,3.7,5,8,220
-1,2.2,169,1,3.7,5,8,180
-1,-1,136,-1,3.5,5,0.1953125,130
-1,2.1,123,1,4,5,16,200
0.5,2.1,118,0.8,3.7,5,2,110
0.25,2.2,94,0.6,2.8,3.15,0.5,100
0.25,2.2,102.1,0.528,2.8,3.15,0.5,60
-1,2.2,380,1,7,3.15,2,150
0.5,2.2,184.3,0.8,3.7,5,4,420
0.75,2.2,164,1,4.3,8,1.5,150
0.5,2.2,180,0.8,3.7,5,1.5,100
0.5,2.2,169,1,3.7,5,8,170
0.5,2.2,380,1,7,3.15,16,150
0.25,2.1,158,0.6,3.2,3.15,0.5,70
-1,2.1,109.2,0.8,3.2,3.15,0.12109375,50
0.25,2.2,109,0.6,2.6,3.15,0.5,150
0.25,2.2,117,0.528,3.2,5,0.5,10
0.13671875,2.2,110,0.6,2.8,3.15,-1,80
0.5,2.2,155,1.2,4.3,8,1,150
0.5,2.2,118,1,4,5,1,120
-1,2.2,152,-1,3.5,3.15,-1,130
-1,2.2,143,1,4.3,8,2,130
-1,2.2,380,1.2,7,5,2,240
0.5,2.2,109,1,4,5,2,110
0.5,2.2,168,1,4.3,-1,8,190
0.5,2.2,108,0.6,3.2,5,0.5,120
0.75,2.2,163.9,1,4.3,8,4,120
0.5,2.2,130,0.8,3.6,5,2,120
-1,2.2,172,1,4.3,5,16,80
1,2.2,135,1,4,5,16,170
0.2734375,2.2,108,0.6,3.3,5,0.15625,120
0.271484375,2.2,102,0.8,3.2,3.15,0.154296875,110
0.375,2.2,105,0.6,3.1,3.15,0.15625,90
-1,2.2,139,1.2,4.5,8,16,130
0.75,2.2,164,-1,4.3,8,4,230
0.5,2.2,158,1,4.3,8,16,250
0.271484375,2.3,113,0.8,3.5,5,0.154296875,90
1,2.3,135,1,4,5,16,190
0.5,2.3,175,1,3.7,5,1,200
0.5,2.3,117,1,4.2,8,0.3125,180
0.5,2.3,158.8,1,4.3,8,16,210
1,3,680,1,10,5,16,280
0.25,2.2,109,0.6,3.2,3.15,0.5,110
0.25,2.2,148,0.8,3.2,3.15,0.25390625,70
0.5,2.3,192,1,3.5,5,2,70
0.5,2.3,-1,0.8,3.2,3.2,0.5,90
0.5,2.3,130,1,3.1,5,4,90
-1,2.3,132.1,-1,4,5,0.5859375,280
0.5,2.3,164,1,4,5,4,120
-1,2.3,126,0.8,3.2,3.15,0.1220703125,130
0.5,2.3,160,1,3.5,5,2,190
0.5,2.3,108,1,3.8,5,2,190
0.5,2.3,127,-1,3.5,5,0.5,330
1,2.3,147,1.2,4.3,8,8,230
0.75,2.3,162.5,1.5,4.7,8,16,170
1,2.3,147,1,4,8,8,110
1,2.3,109,1.5,4.5,8,16,180
0.25,2.3,109,0.8,3.2,3.15,0.5,130
0.5,2.3,134,1.2,3.1,5,4,160
1,2.3,176.9,1.2,4.5,8,16,160
0.75,2.3,147.4,1.2,4,5,4,140
0.5,2.3,116,1,3.7,3.15,1,100
1,2.3,135,1.5,4.5,8,4,120
1,2.3,139,1.5,4.5,8,4,140
1,2.3,127,1.2,4.3,8,16,220
1,2.3,127,1.2,4.3,8,16,220
1,2.3,130.5,1.5,4.5,8,16,180
1,3.1,650,1,10,5,16,230
1,3.2,586,1.3,10,8,-1,350
-1,3.2,-1,1.2,7,5,16,350
1,4,150,1.2,4.6,5,32,150
1,-1,135,1.2,4.6,5,16,180
0.5,2.3,400,1,7,3.15,16,170
0.5,2.3,120,0.8,3.5,5,-1,120
-1,2.3,105,0.8,3.2,3.15,2,70
0.5,2.3,120,1,3.5,3.15,2,70
-1,2.3,118,-1,3.5,5,0.5,170
1,2.3,135,1.5,4.5,8,2,220
1,2.3,170.1,1.5,4.3,8,16,160
0.25,2.3,123,0.65,3.2,3.15,0.5,100
1,2.3,127,1.5,4.5,8,4,170
0.5,2.3,123.6,0.8,4,8,1,120
1,3.2,386,1.2,8.2,5,16,210
1,3.2,599,1.2,10,5,16,210
0.25,2.3,96,0.65,2.8,2,0.5,70
0.5,2.3,192,0.65,5.3,5,0.5,170
-1,2.3,135.4,0.65,3.7,3.15,-1,120
-1,2.3,110,-1,2.8,3.15,-1,100
-1,2.3,139,1.2,4.5,13,16,220
-1,2.3,149,1.2,4.5,13,16,280
-1,2.3,206,1.2,3.5,5,16,220
-1,2.3,109,0.832,3.1,3.15,0.5,80
-1,2.3,112.3,0.832,2.6,3.15,0.5,120
0.5,2.3,389,1.4,7,3.2,4,250
0.5,2.3,139,1.4,4,8,4,110
1,2.3,138,1.2,4.5,8,16,190
0.5,2.3,142,0.8,3.7,5,4,100
1,2.3,139,1.4,4,8,16,270
0.5,2.3,115,0.8,3.5,5,0.5,70
1,2.3,138,1,4.3,8,8,210
1,3.2,390,1.2,8.2,5,16,290
1,3.2,599,1.2,10,5,16,260
1,3.2,386,1.2,8.2,5,16,210
1,3.2,599,1.2,10,5,16,210
-1,2.1,100.7,0.42,2.8,2,0.146484375,80
-1,2.1,-1,0.6,3.5,3.15,-1,190
-1,2.2,144,0.6,3.5,5,0.146484375,110
-1,2.2,120,0.6,2.8,2,0.146484375,80
0.25,2.2,-1,0.6,3.2,3.15,0.5,110
0.5,2.2,198,0.8,3.8,5,2,160
0.5,2.2,440,1,7,3.15,8,160
-1,2.2,440,-1,7,3.15,-1,210
-1,2.2,122,0.6,3.5,5,0.5,380
-1,2.2,122,-1,2.8,3.15,0.13671875,40
-1,2.2,134,1,3.1,5,8,150
-1,2.2,182,1,5,3.15,8,180
-1,2.2,453.6,1,7,5,16,210
0.75,2.2,135.5,1,4,8,1.1,190
-1,2.2,453.6,1,7,5,16,140
0.466796875,2.2,131,1,4,5,4,150
0.5,2.3,185,1,4.8,8,8,220
0.5,2.3,120,0.8,3.4,5,0.5,130
0.5,2.3,120,0.8,2.6,5,0.5,70
0.25,2.3,104,0.6,3.2,3.15,0.5,100
0.5,2.3,120,0.8,4.3,5,-1,250
0.5,2.3,142,1,3.7,8,1,190
0.5,2.3,105,0.6,3.2,5,0.5,100
0.75,2.3,130,1,3.7,5,1.1,100
1,2.3,420.8,1.5,7,5,16,300
1,2.3,420.8,1.5,7,5,16,110
0.5,2.3,175,1,4,5,0.390625,140
0.5,2.3,175,1,4,5,0.390625,70
1,2.3,116,1.2,4.3,8,16,170
0.5,2.3,126,1,3.7,8,0.3125,110
-1,3,621,1,8.9,-1,32,190
-1,3,589,1,10,8,16,290
-1,3,621,1,8.9,-1,32,710
1,3,730,1,10,5,16,310
1,3,730,1,10,5,16,310
1,3,777,1,10,5,16,490
1,3,730,1,10,5,16,310
1,3,730,1,10,5,16,200
1,3,450,1,7,5,8,100
1,3.2,470,1,7,5,8,260
0.5,2.2,121.8,0.8,3.5,3.15,4,80
-1,2.2,-1,-1,3.1,3.15,0.16015625,90
0.5,2.2,162,1,3.5,3.15,1,310
0.5,2.2,193,1,3.5,5,1,350
0.5,2.2,168,1,4.3,-1,8,230
0.5,2.2,141.8,1,4,8,8,350
0.263671875,2.2,103.4,0.8,2.8,3.15,-1,120
1,2.3,170.1,1.2,4.3,5,4,220
0.5,2.3,129,1,4,5,16,270
0.5,2.3,131,1,4,5,16,150
-1,2.3,129,1,4,5,16,180
1,2.4,425,1.5,7,5,32,220
1,3,453,1,8.9,3.15,16,290
1,3,447.9,1,8.9,3.15,16,350
1,3,560,1,10,3.15,16,310
1,3.1,565,1,10,3.15,16,370
0.1640625,2.1,104,0.6,3,3.15,0.125,100
-1,2.2,91,0.6,3.2,3.15,0.15625,70
-1,2.2,108,0.8,3.2,2,0.1142578125,90
-1,2.2,120,-1,3.1,2,85,100
-1,2.2,151,1,4.3,5,16,210
-1,2.2,91,0.6,3.2,3.15,0.15625,140
0.25,2.2,116,0.6,2.8,2,0.5,80
0.75,2.2,135,1,4,8,1.1,100
0.5,2.3,154,-1,3.6,5,1,300
0.5,2.3,119,1.4,4,5,8,230
0.75,2.3,148,1.2,4.3,8,1,210
0.75,2.3,148,1.2,4.3,8,1,120
0.25,2.2,100,0.528,2.8,3.15,0.5,70
-1,2.2,106,0.416,2.4,2,-1,70
-1,2.2,170,1,3.5,5,0.419921875,100
-1,2.2,108,0.6,3.1,3.2,-1,60
-1,2.2,-1,0.416,2.8,2,-1,50
-1,2.2,104,0.528,2.8,2,0.126953125,130
-1,2.2,145,1,3.1,5,2,140
0.5,2.3,136.5,1,4,8,8,230
0.5,2.3,136,1,3,5,0.390625,140
0.5,2.3,155,1,4.3,8,8,230
0.5,2.3,99,1,3,5,0.3125,120
0.25,-1,125,0.806,3.1,5,0.5,120
-1,-1,110,0.806,3.2,3.15,0.146484375,230
0.5,2.2,143,1,4.1,5,2,210
0.263671875,2.2,130,0.8,3.2,3.15,0.146484375,170
-1,2.2,120,0.416,-1,2,0.25,220
0.25,2.2,110,0.6,2.8,3.15,0.5,50
0.75,2.3,150,1,3.8,5,8,200
0.5,2.3,120,0.8,2.6,5,0.5,70
0.5,2.3,149,1,4,8,4,180
0.5,2.3,184,1,4,8,16,230
0.5,2.3,125,1,3.5,3.15,1,200
1,2.3,158,1,4.3,8,16,270
0.5,2.3,110.8,1,3,5,1,170
0.5,2.3,100,1,3.3,8,1,170
-1,2.3,117,0.8,3.5,3.15,-1,90
1,2.3,135,1,4.2,5,8,200
0.5,2.3,116,1,3.5,3.15,1,90
0.75,2.3,184,1.2,3.7,8,4,350
1,3.1,750,1,10,5,16,330
0.5,2.2,109,1,4,5,2,140
0.25,2.3,120,0.6,3.5,5,0.5,100
0.25,2.3,110,0.6,2.8,3.15,0.5,100
0.25,2.3,110,0.6,2.8,3.15,0.5,100
1,2.3,116,1.2,4.3,8,16,260
0.5,2.3,167,1,4,8,16,200
0.25,2.3,120,-1,3.5,3.15,0.5,70
0.5,2.3,129.2,0.8,3.2,3.15,0.5,80
0.25,2.3,129,0.8,2.8,3.15,0.5,70
0.25,2.3,110,0.6,2.8,3.15,0.5,120
0.5,2.2,382,0.8,7,3.15,0.5,120
-1,2.2,135,-1,3.2,3.15,-1,120
0.5,2.2,100,0.5,2.8,3.15,0.25,200
0.5,2.3,113,1,3.1,5,4,220
0.5,2.3,118,1,3.7,5,2,170
-1,2.3,108.4,1,2.6,5,-1,200
-1,2.3,108.6,0.832,2.6,3.15,0.15625,110
0.5,2.3,100,0.8,3.6,3.15,0.146484375,90
0.5,2.3,115,1,3.2,5,0.3125,120
1,2.3,132,1.5,4.5,8,16,200
0.5,2.3,121,1,3.7,5,2,80
0.5,2.3,110,1,3.8,5,2,110
0.5,2.3,84.3,0.8,3.5,5,0.5,100
1,2.3,121.9,1.2,4.3,8,16,170
1,2.3,130,1.2,4.5,8,16,130
0.5,2.3,117,1.4,4.2,8,1,210
0.5,2.3,184,1,4,8,8,180
0.5,2.3,126,1,3.7,5,1,150
0.5,2.3,114.7,1.4,3.7,5,2,160
0.283203125,2.3,97.5,0.83,3,2,0.17578125,70
1,2.3,135,1.5,4.5,8,16,160
1,3.1,598,1,9.4,5,16,180
1,3.2,455,1.5,8.9,3.15,16,330
1,3.2,372,1,5.5,5,4,180
1,3.2,625,1,9.4,5,16,260
0.75,4,129,1.4,4,5,4,150
0.5,2.2,130,0.8,3.8,5,-1,80
0.5,2.3,413,1,7,-1,8,120
0.5,2.3,138,0.8,3.5,5,0.5,90
0.5,2.3,108,0.6,3.2,3.15,0.5,70
0.75,2.3,130,1,3.7,5,4,120
-1,2.3,157,0.8,3.2,3.15,0.146484375,70
0.5,2.3,112,1,4,5,4,90
-1,2.3,139,1,3.5,3.15,0.9296875,100
0.5,2.3,135,1,4.2,-1,2,470
0.5,2.3,140,1.4,4,8,4,130
1,2.3,130.5,1.5,4.6,8,16,180
0.75,2.3,130,1.2,4,5,4,160
1,2.3,127,1,4,5,8,110
1,2.3,147,1.2,4,5,8,120
0.5,2.3,123,0.8,3.5,5,0.5,80
0.5,2.3,172,1,4.3,5,8,150
-1,2.3,122,0.6,3.5,3.15,0.5,90
1,2.3,172.9,1.5,4.3,8,16,180
1,2.3,177,1.2,4.5,8,16,230
0.75,2.3,130,1,3.7,5,4,140
0.75,2.3,151,1.5,4.3,8,4,140
1,2.3,178,1.4,5.3,8,16,270
1,3.1,709,1.5,10,8,32,280
1,3.2,340,1.4,7.7,3.15,16,280
1,3.2,558,1.2,10,5,16,530
1,3.2,400,1,7,5,16,250
1,3.2,345,1.2,7,3.15,16,260
0.125,2.2,73,0.416,2.3,2,0.25,70
0.125,2.2,71,0.416,2.8,2,0.25,60
1,2.3,142,1.2,4,5,4,140
1,2.3,141.5,1.5,4.5,8,4,130
1,2.3,136.2,1.5,4.5,8,16,230
0.5,2.3,119.1,1,3.5,3.15,-1,100
-1,2.3,123.5,1,4,3.15,4,160
1,2.3,144,1.5,4.5,12,16,210
0.5,2.3,115,1,3.6,5,3,120
1,2.3,178.9,1.2,4,8,16,260
1,2.3,178,1.5,5.3,8,16,350
1,2.3,144,1.5,4.3,12,32,230
-1,2.3,120,1.4,3.8,8,8,370
0.5,2.3,135.5,0.67,4.1,8,0.5,100
0.25,2.3,124.6,0.67,3.5,5,0.5,80
1,2.3,137,1.2,4,5,4,110
1,2.3,-1,1.5,4.6,8,16,430
1,2.3,122.5,1.5,4,5,16,270
0.375,2.3,119,0.8,3.2,3.15,1,80
0.375,2.3,110,0.8,3.2,3.15,1,70
0.5,2.3,107,0.6,3.2,3.15,0.5,160
1,2.3,127.6,1.5,3.9,5,3,140
1,2.3,130,1.2,4,5,4,240
1,2.3,145,1.2,4.3,8,8,260
0.75,2.3,120,1,4,5,8,150
1,2.3,161,1.6,4.5,8,16,190
0.5,2.3,123.6,0.8,4,8,1,180
1,2.3,163.8,1.5,4.5,8,16,200
-1,3.2,497,1.5,8.9,8,32,160
1,3.2,340.2,1.4,7.7,3.15,16,280
1,3.2,700,1,10,2,8,200
1,4,667,1.3,10,5,16,380
1,4,665,1.3,10,5,16,230
1,4,598,1.6,10,8,-1,400
1,4,130,1.5,4.3,8,4,260
1,4,469.8,1.5,8,5,16,220
1,4,135,1.2,4.6,5,16,240
1,4,144.5,1.2,4.6,5,32,270
1,4,110,1.5,4.3,8,4,170
1,4,389,1.2,7,5,16,170
0.5,2.3,100,1,3.5,3.15,4,100
0.25,2.3,125,0.8,3.5,3.15,0.1171875,60
0.5,2.3,124.2,0.8,3.5,3.15,4,50
0.5,2.3,155,0.8,3.5,3.15,1,380
0.5,2.3,125,0.6,3.5,3.15,0.5,100
0.25,2.3,102,1,2.8,1.3,0.5,50
0.25,2.3,125,1,3.5,3.15,0.5,60
1,4,124.7,1.2,4.5,5,8,290
2,4,145,1.4,4.5,8,8,150
1,4,135,1.5,4.3,8,4,150
1,4,148,1.5,4.7,8,16,170
1,4,167.8,1.2,4,5,8,150
2,4,144.9,-1,4.7,13,32,480
0.5,4,168.8,1,5,5,20,320
1,4,136,1.5,4.5,5,8,160
2,4,135,1.5,4.7,13,16,450
0.5,4,118.4,1,4.3,8,4,180
1,4,119.1,1,4.5,5,4,170
0.5,4,119,1,3.5,3.15,4,150
1,4,160,1,4.5,8,4,100
1,4,125,1,4,8,4,100
1,4,159,1.5,4,5,8,150
1,4,148,1.5,4.5,13,16,350
2,4,168.5,1.5,5.3,13,16,550
0.5,4,106.9,0.85,3,3.15,4,100
0.5,4,168,1,5,8,4,160
0.5,4,106.9,0.85,3,3.15,4,100
1,4.1,390,1.2,7,2,8,150
1,4.1,111.5,1,4,5,8,130
1,4.1,347,1.2,7,1.2,16,230
1,4.1,135,1.7,4.7,8,-1,220
2,4.2,139,1.5,4.7,8,8,250
2,4.2,603,1.7,10,5,16,260
0.5,2.3,136,1,3.5,3.15,0.5,50
0.25,2.3,-1,1,3.5,2,0.5,100
0.5,2.3,127.6,0.8,3.2,3.15,1,100
-1,2.3,185,1,5,5,-1,120
1,4,430,1.5,9.7,2,4,180
0.5,4,-1,1,4,5,4,100
1,4,580,1.5,10,5,16,270
1,4,131.3,1,4.6,8,4,200
0.5,4,162.2,1,3.9,3.15,4,90
1,4,122,1.2,4.3,5,8,180
0.75,4,131,1,4.3,8,4,270
1,4,156,1,4.3,5,4,200
1,4,111.1,1.5,4.3,8,8,250
1,4,113,1,4.5,8,16,280
0.5,4,102.5,1,3,3.15,4,320
1,4,136.1,1.2,4,5,4,150
1,4,154,1.2,4,5,8,170
0.5,4,122,0.8,3.5,3.15,4,80
1,4,400,1,7,2,4,180
1,4,142,1.5,4.5,12.6,8,360
1,4,122,1.2,4.3,5,8,200
1,4.1,161,1.2,4.5,5,4,140
1,4.1,130,1.5,4.6,8,8,260
2,4.1,141.7,1.5,5,8,16,280
2,4.1,142,1.6,4.4,8,16,310
0.25,2.3,105,1,3.2,1.3,0.5,70
-1,2.3,103,1,3.2,2,-1,50
-1,2.3,104,1,3.5,2,-1,50
1,4,130,1.2,4.6,8,4,210
-1,4,450,1.2,9,-1,-1,100
-1,4,147,1,4.3,5,-1,120
0.5,4,147.6,1,4.3,5,4,110
0.5,4,148.8,1.2,4,5,4,110
0.5,4,200,1,5,5,4,140
0.5,4,115.7,1,3.5,3.15,4,100
2,4.1,165,1.5,5,13,16,540
2,4.1,600,1.4,10,5,16,390
0.5,4.1,115.7,1,3.5,3.15,4,80
1,4.1,639.6,1.5,10,3.15,16,250
2,4.1,126,1.5,5,13,32,520
2,4.1,140,1.5,5,8,16,330
1,4.1,162,1.2,5,8,8,180
1,4.1,162,1.2,5,8,8,210
0.5,4.2,128,1.3,4,5,4,90
2,4.2,146,1.7,4.3,13,32,420
1,-1,119,1,4.3,5,4,240
-1,2.2,125,0.8,3.5,3.15,-1,130
0.375,2.2,106.6,0.832,3.1,3.15,0.15625,100
1,2.3,163.8,1.5,4.5,8,16,160
-1,2.3,131.3,0.8,4,3.15,0.146484375,130
-1,2.3,-1,0.65,3.5,3.2,-1,90
-1,2.3,97,0.832,2.8,2,3,80
-1,2.3,96,0.65,2.8,3.15,0.130859375,70
0.25,2.3,120,0.8,3.5,3.15,0.5,160
1,2.3,148,1.2,4.3,-1,8,230
1,2.3,148,1.2,4.3,-1,16,210
0.5,2.3,124,1.4,4.3,5,2,220
0.5,2.3,140,1,4,5,4,130
0.5,2.3,110,1,3.5,5,8,140
1,2.3,120,1,4,8,16,210
0.75,2.3,122,0.8,3.8,5,4,130
1,2.3,-1,1.2,4.3,5,16,130
0.5,2.3,168,0.8,4.3,5,1,190
1,2.3,103,1,4.3,8,8,360
1,2.3,168,1.5,5,8,32,240
0.5,2.3,119,1.4,3.7,5,4,170
0.5,2.3,105.3,0.8,3.2,3.15,4,90
0.5,2.3,130,1,4,5,4,180
0.75,2.3,145.3,1,4,5,8,240
0.5,2.3,117.4,1,3.5,5,0.5,230
1,2.3,117,1.6,4,8,16,190
-1,3.2,-1,1.2,10,5,16,300
-1,3.2,319,1.2,7,5,16,230
1,3.2,400,1.2,7,5,16,230
0.5,4,125,1,3.7,5,1,120
1,4,-1,1.5,4.3,8,8,220
1,4,777,1.3,10,5,16,250
1,4,680,1.3,10,5,16,230
1,4,598,1.5,10,8,-1,430
2,4,580,1.2,10,8,8,330
1,4,150,1.4,4.5,8,8,260
1,4,130,1.5,4.5,8,8,290
0.5,4,125,0.8,4,5,4,120
1,4,133,1.5,5,8,8,500
1,4,132,1.5,4.5,8,8,210
1,4,129,1.5,4.7,8,16,190
1,4,129,1.5,4.7,8,32,180
1,4,133,1.5,4.7,8,16,220
1,4,130,1.5,4.7,8,16,170
1,4,119.5,1.5,4.3,8,16,220
1,4,110,1,4.3,5,4,230
1,4,635,1.2,10,8,16,290
1,4,625,1.5,10,8,-1,430
1,4,598,1.6,10,8,-1,340
1,4,129,1.5,4.3,8,16,300
0.5,4,122,1,4.3,5,4,120
1,4,344,1,7,3.15,8,150
1,4,345,1,7,3.15,8,150
0.5,4,115,1,3.7,5,4,130
1,4,588,1,10,3.15,16,290
1,4,581,1,10,3.15,8,290
0.5,2.3,119,0.8,3.5,5,4,100
0.5,2.3,110,0.8,3.2,5,0.5,150
-1,2.3,186,1,5,5,16,180
0.5,2.3,107,1,3.7,5,8,120
0.25,2.3,117.1,-1,3.5,3.15,0.5,80
0.25,2.3,136,0.65,3.5,3.15,0.5,110
1,2.3,142,1.2,4,5,8,200
0.5,2.3,115,1,3.7,5,1,130
1,4,180,1.5,5.3,8,16,350
0.5,4,131.5,1,4,5,1,150
-1,2.3,126,0.65,2.6,3.15,0.146484375,120
-1,2.3,157,-1,4,5,0.5,460
1,2.3,144,1.5,4.5,12,13.2,250
1,2.3,135,1.5,4.5,8,4,220
0.5,2.3,110,0.8,3.5,3.15,0.5,210
1,2.3,145,1.2,4.3,8,16,230
1,4,139,1.4,4,8,-1,310
1,4,998,1.5,13,5,-1,540
1,4,599,1.5,10,5,16,290
1,4,332,1.5,7.7,5,16,410
1,4,134,1.5,4.7,8,16,180
0.5,4,-1,1.2,7,-1,4,100
1,4,137,1.5,4.3,8,16,220
0.25,2.3,100,0.8,2.8,3.15,0.5,70
0.25,2.3,120,0.8,3.5,3.15,0.5,110
0.5,2.3,122,0.832,3.5,5,4,110
0.5,2.3,122,0.832,3.5,5,3,120
0.5,2.3,114.2,0.8,3.2,3.15,4,120
-1,2.3,114.9,1,3.5,3.15,1,80
1,2.3,149,1.5,4.3,12,11,290
1,2.3,149,1.5,4.3,12,11,280
0.5,2.3,110,1,3.5,5,8,160
-1,2.3,125,0.6,3.5,3.15,0.5,170
0.5,2.3,131.5,0.8,4,3.15,-1,80
0.5,2.3,120,0.8,3.5,5,4,110
0.5,2.3,129.7,1,4,8,1,230
1,4,-1,1.5,4.5,5,8,250
2,4,145,1.5,4.7,8,16,210
0.5,4,129.7,1,4,8,0.5,210
1,4,125,1.2,4.3,8,-1,210
1,4,134.1,1.5,4.8,8,16,340
1,4,95,1.5,3.7,8,4,220
1,4,127,1.5,4.6,13,16,290
0.5,4,100,0.6,3.5,5,4,120
1,4,119.5,1.7,4.3,8,16,180
1,4,147,1.5,4.3,12,16,230
1,4,132,1.2,4,8,8,270
1,4,133,1.4,4.8,8,16,190
-1,2.3,112,1,3.2,2,0.15625,70
-1,2.3,120,0.65,3.5,2,0.17578125,70
0.75,2.3,125,1,4,8,2,150
0.5,2.3,71,1,4,5,0.5,150
0.5,2.3,130,1,4,5,4,80
0.5,2.3,125,1,4,8,4,150
-1,2.3,79,0.65,2.8,3.15,-1,60
-1,2.3,110,1,4,5,0.1455078125,90
0.5,2.3,140,0.8,3.5,5,0.146484375,110
0.5,2.3,136,1,4,5,1,100
0.5,2.3,120,0.832,3.2,3.15,1,70
0.5,4,118,1,4,5,4,200
0.5,4,119,1,4,5,4,150
0.5,4,114,1,4,5,4,160
1,4,138.5,1.5,4.7,8,16,200
0.5,4,71,1,3.5,3.2,0.25,100
0.5,4,110,0.8,3.5,5,4,150
2,4,133,1.5,4.8,8,16,310
2,4,134,1.5,4.8,8,16,300
0.5,4,99.4,0.8,3.2,3.15,2.9,90
0.5,4,154.8,1,4,5,4,150
1,4,125,1.2,4.3,8,4,210
1,4,125,1.2,4.3,8,4,210
1,4,125,1.5,4.3,8,16,100
0.5,4,99.4,0.8,3.2,3.15,2.9,80
1.5,2,4.1,133.2,1.5,4.8,8,43
1,4.1,340,1.2,7,1.2,8,150
0.5,2.3,130,1,3.7,5,1,160
-1,2.3,115,1,2.7,5,0.2802734375,190
0.5,2.3,137,1,3.8,5,1,130
-1,2.3,-1,0.65,3.5,3.15,0.21484375,90
0.25,2.3,110,0.8,3.5,3.15,0.5,80
-1,2.3,110,0.832,4,5,-1,130
1,4,143,1,4.3,8,4,280
0.5,4,120,1,4.3,8,4,170
0.75,4,120,1,4,5,4,110
1,4,151,1.5,4.3,8,4,340
-1,4,112,0.85,3,2,4,100
1,4,145,1,4.3,5,4,140
0.5,4,-1,1,4.3,8,4,200
1,4,370,1.2,7,3.15,8,150
1,4,130,1.2,4.3,8,8,260
1,4,170.1,1.5,4.3,8,8,220
1,4,140,1.5,4.5,8,8,220
-1,2.3,114,0.65,2.8,2,0.146484375,50
-1,2.3,-1,0.8,3.2,3.15,-1,70
-1,2.3,103,0.832,2.8,2,3,90
-1,2.3,142,1,4.3,8,1.4,100
1,2.3,185,1.4,4,5,4,290
1,2.3,140,1.4,4,5,4,290
0.5,2.3,80,0.8,3.5,5,0.13671875,100
0.25,2.3,-1,0.8,3.7,5,-1,120
0.5,2.3,100,0.832,3.5,2,0.5,80
-1,2.3,-1,1,3.9,5,-1,150
0.5,2.3,-1,0.8,3.5,2,-1,60
1,4,143,1,4.3,8,4,250
-1,4,150,1,4,5,3,150
-1,4,139,1,4,8,-1,100
0.5,4,155,1.2,4.3,5,4,210
1,4,115,1,4.3,5,4,200
1,4,116,1,4.3,5,4,220
0.5,4,125,0.8,3.5,3.15,4,110
0.5,4,130,1,4,5,4,110
0.5,4,196,1,5,5,4,280
1,4,132,1.2,3.5,5,8,110
1,4,149,1.7,4,8,4,190
1,4,140.8,1.6,4.3,8,4,430
0.75,4,114,1,4,5,4,190
1,4,145,1,4.3,5,4,160
0.5,4,120,0.8,4,5,4,110
1,4,-1,1.2,10,-1,8,170
0.5,4,168,1,5,5,4,160
1,4,585,1.3,9.4,8,16,260
1,4,570,1.3,9.4,8,16,190
1,4,345.7,1.2,7,3.15,8,200
2,4,600,1.4,10,5,16,320
2,4,597,1.4,10,5,16,350
0.5,4,118.4,1,4.3,8,4,200
0.75,4,145,1.2,4.5,8,4,100
1,4,193.5,1.4,5,8,8,290
1,4,168,1.5,5,8,32,210
0.75,4,119.1,1,3.5,3.15,2,100
1,4,134,1.2,4,3.15,4,150
1.5,1,4,127,1.5,4.5,13,45
1.5,1,4,139,1.5,4.5,13,45
1,4,125,1,4.7,5,4,170
0.5,4,124,1,4,5,4,140
1,4,120,1.5,4.3,13,8,230
1,4,144,1.7,4.3,12,32,240
1,4.1,300,1.4,4.8,16.3,4,250
2,4.1,145,1.5,4.3,8,16,250
2,4.1,183,1.6,5.5,8,16,300
1.5,2,4.1,145,1.5,4.7,13,45
0.25,2.3,-1,1,4,2,0.126953125,90
0.5,2.3,93.8,1,3.5,3.15,0.25,70
-1,2.3,-1,1,3.5,3.15,-1,70
1,4,575,1.5,8.9,1.3,-1,380
1,4,567,1.5,8.9,1.3,16,200
1,4,395,1.2,7,1.3,16,150
0.5,4,388,1,7,3.15,0.5,70
0.5,4,340,1.2,7,-1,4,70
-1,4,-1,1,7,-1,-1,100
1,4,147,1.5,4,5,8,150
0.5,4,205,1,5,5,4,180
1,4,110,1.5,4.5,8,4,380
0.5,4,130,1,4,5,4,190
2,4,147.1,1.5,4.7,8,16,250
0.5,4,-1,1,7,-1,4,90
-1,4,145,1,4.5,8,-1,130
0.5,4,138,1,4,5,4,190
1,4,168.1,1.5,5,8,32,190
0.75,4,120,1,4.3,5,4,120
1,4,128,1.2,4.3,5,4,180
1,4,126,-1,4.3,8,8,180
2,4,159,1.5,5,8,-1,180
1,4,126,1.5,4.3,8,8,250
1,4,139,1.2,4,5,4,150
1,4,132,1.5,4.3,8,8,230
1,4,157,1.5,4.7,8,16,270
1,4,146,1.5,4.7,8,16,250
1,4,126,1.5,4.3,8,8,250
1,4,146,1.5,4.7,8,16,250
2,4.1,131,1.4,4.8,8,16,320
0.25,4.2,110,1,3.5,3.15,0.5,70
0.25,2.3,118,1,3.5,2,0.5,100
-1,2.3,109,1,3.5,3.15,0.126953125,70
-1,2.3,89,1,3.5,-1,-1,50
-1,2.3,98,1,3.5,3.15,-1,70
0.5,2.3,-1,1,4,5,0.5,70
0.5,2.3,134,1,4,3.15,0.5,90
1,4,140,1.2,4.3,8,4,180
1,4,390,1,7,-1,4,100
0.5,4,114,1,4,5,4,150
-1,4,-1,-1,4.5,8,-1,150
0.5,4,132,1.2,3.5,5,4,100
1,4,145,1.4,4.5,8,8,250
1,4,196.3,-1,5.3,8,16,190
1,4,400,1,7,3.15,16,150
1,4,168.5,1.2,4,5,4,270
0.5,4,155,1.2,4.5,5,4,120
0.5,4,140,1,4.5,8,4,230
1,4,135,1.5,4.8,12.6,16,370
0.5,4.1,320,1.2,7,-1,8,100
1,4.1,350,1.6,7,3,4,140
1,4.1,400,1.6,8,2,8,140
1,4.1,350,1,7,-1,4,100
1,4.1,350,1.6,7,2,8,110
1,4.1,115,1.2,4.6,8,16,270
1,4.1,109,1,4.6,8,4,230
0.5,4.1,122,1,3.5,3.15,4,100
0.5,4.1,136.5,1,4,5,4,140
0.5,4.1,139,1,4.5,5,4,150
1,4.1,135,1.2,5,8,4,350
1,4.1,-1,1.2,5,12,4,620
1,4.1,135,1.2,5,8,4,220
1,4.1,370,1,7,1,8,110
2,4.1,170,1.5,5,13,32,310
0.5,4.1,150,1.2,4.5,5,4,100
1,4.1,-1,1.2,4.5,5,4,150
1,4.1,176,1.2,5,8,4,230
-1,4.1,-1,-1,10,3.15,-1,180
0.5,4.1,-1,1,4,3.15,4,130
2,4.1,110,1.7,5,13,16,430
1,4.1,339,1.2,7,5,16,180
1,4.1,340,1.2,7,-1,4,150
2,4.1,198,1.5,6.1,8,8,230
1,4.1,130,1,4.5,5,4,170
1,4.1,139.1,1.2,4.5,5,8,180
1,4.1,148.5,1,4,5,4,190
1,4.1,134,1.4,4.6,8,8,110
1,4.1,156,1.2,5,8,4,230
1,4.1,121,1.2,4.3,8,8,210
2,4.1,146,1.5,5,13.1,16,270
2,4.1,151,1.5,5,13,16,260
2,4.2,162,2,5.5,13,16,360
1,4.1,338,1.2,7,2,8,110
0.5,4.1,282,1.5,7,-1,8,70
1,4.1,150,1.2,5,8,8,250
1,4.1,161,1,5.5,8,8,240
0.5,4.1,110,-1,3.2,3.15,4,70
0.5,4.1,126,1,4,3.15,4,120
-1,4.1,118.9,0.85,3.5,3,4,80
-1,4.1,118.2,0.85,3.5,3,4,70
0.5,4.1,121,1,4,2,4,90
1,1,4.1,161,1,5.5,8,48
2,4.2,-1,1.5,5,13,32,440
1,4.2,-1,1.3,4,5,4,140
0.5,4.2,123,1.3,4,2,4,100
0.5,4.2,150,1.3,4.5,3.15,4,110
0.5,4.2,-1,1.3,4,5,4,60
0.5,4.2,175,1,5,3.15,4,90
0.5,4.2,175,1,5,3.15,4,90
1,4.2,605,1.2,10,5,16,220
1,4.2,401,1.2,8,5,16,190
1,4.2,-1,1.5,5,12,4,180
2,4.2,-1,1.5,5,13,32,200
1.5,4.2,179,1.7,3.7,8,16,590
-1,4.2,132.5,1.2,4.3,5,4,150
-1,4.2,108,-1,-1,3.15,-1,70
1,4.2,140,1.5,4.3,8,8,190
0.5,4.2,-1,1.3,4.5,5,4,80
0.5,4.2,-1,1.3,4,3.15,4,80
1,4.2,151.3,1.2,4.5,8,4,120
2,4.2,-1,1.5,5,13,16,240
0.5,4.2,-1,1.2,4.5,5,4,90
0.25,4.2,-1,1,3.5,3.15,0.5,50
2,4.2,292,2,8,5,16,130
2,4.2,234,1.6,7,3.15,16,100
2,4.2,177,2.2,6,13,32,360
0.5,4.2,120,1.3,4,3.15,4,70
1.5,4.2,134.2,1.7,4.5,5,8,210
1,4.2,121.9,1.4,4,5,8,180
1,4.2,138,1.2,4.7,8,4,120
3,4.3,154,2.3,5.7,13,32,680
2,4.3,217,1.7,5.9,4,16,370
2,5,130,2.3,4.9,8,16,260
0.5,4,-1,1,3.5,3.15,4,50
0.25,4.1,-1,1,4,2,0.5,60
1,4.1,-1,1.2,4.5,5,4,110
1,4.1,116,1.2,4,5,4,90
1,4.1,130,1.2,5,8,16,310
1,4.1,135,1.2,4.5,8,4,150
1,4.1,149,1.2,5,8,8,250
1,4.2,147.7,1.5,4.5,8,16,270
2,4.2,129.4,1.5,5,13,32,360
0.5,4.2,-1,1,3.5,2,-1,80
1,4.2,158,1.5,5,12,16,210
1,4.2,-1,1.5,5,13,16,180
2,4.2,200,1.5,5,13,16,340
1,4.2,180,1.2,5.5,13,8,160
1,4.2,402,1,7,-1,8,90
1,4.2,645.4,1,9.7,2,8,160
1,4.2,119,1.2,4.5,13,4,200
1,4.2,130,1.2,4.5,5,4,270
1,4.2,-1,1.3,5,5,4,90
0.75,4.2,118,1.2,4,5,4,130
2,4.2,126,2.3,5,13,16,290
2,4.2,120,1.7,4.7,13,16,230
2,4.3,145.2,2.2,5.5,13,16,480
1.5,4.3,163,1.2,5.2,8,8,180
1,4.3,143,1.2,4.5,5,8,130
1,-1,339.9,1.2,7,-1,8,110
1,-1,130,1.2,4.3,8,8,240
0.25,2.3,130,1,3.5,-1,0.5,60
1,4.1,130,1.2,4.3,8,8,190
1,4.1,154,1.2,4.5,8,4,220
1,4.2,125,1.5,4.7,8,16,200
2,4.2,128,1.5,5,13,32,240
0.5,4.2,155,1.3,5,5,4,90
0.5,4.2,124,1.3,4,5,4,80
0.25,4.2,113,1.2,4,2,2,50
0.5,4.2,124,1.2,4,3.15,4,70
0.5,4.2,127,1.3,4,5,4,70
1,4.2,126,1.3,4.7,8,8,270
1,4.2,147,1.3,5,8,4,150
1,4.2,170,1.3,5,5,-1,170
1,4.2,145,1.2,4.7,5,8,190
2,4.2,-1,1.5,5.7,13,16,250
1,4.2,-1,1.2,5,5,4,100
1,4.2,140,1.3,5,8,16,300
0.5,4.2,-1,1.2,4.6,5,4,160
0.5,4.2,140,1.2,5,5,4,60
-1,4.2,142.9,1.7,4.7,13,16,230
1,4.2,453.6,1.8,8,8,16,240
1,4.2,626,1.2,10,5,16,220
1,4.2,319.8,1.8,7,5,16,150
1,4.2,-1,1.3,7,5,8,110
2,4.2,162,1.7,5.5,13,8,250
2,4.2,140,1.3,5,8,8,140
1,4.2,104.5,1.3,5,8,4,120
2,4.2,147,2.3,5,13,16,410
1.5,4.2,139,1.2,4.5,5,8,170
1,4.2,320,1.8,7,5,16,190
1,4.2,170,1.3,6,8,8,220
1,4.3,105,1.4,4.3,8,16,290
2,4.3,167,1.7,5.5,13,32,250
3,4.3,146,2.3,5,13,16,450
-1,2.3,89,1,4,2,-1,60
-1,4,-1,1,4.6,5,-1,120
-1,4,-1,1,4.6,8,-1,130
1,4,243,1.5,5.7,8,4,220
1,4,148,1.5,4.5,8,16,260
1,4,145,1.5,4.5,5,4,180
-1,4,-1,1,7,2,2,100
0.5,4,-1,1,3.9,3.15,2,90
0.5,4.1,-1,1,4,5,4,220
1,4.1,140.7,1.2,4.5,8,4,170
1,4.1,340,1.2,7,3.15,8,260
1,4.1,580,1.2,10,5,16,230
0.5,4.1,210,1,5.3,8,4,160
0.5,4.1,136,1,4.5,5,4,200
1,4.1,372,1.6,7,3.15,8,130
1,4.1,150,1.2,4.5,5,4,260
0.5,4.1,140,1,4,5,4,170
-1,4.1,-1,1.2,7,2,1.65,100
0.5,4.1,110,1,3.5,3,4,100
0.5,4.1,163,1.2,5,5,4,170
1,4.1,133.2,1.5,4.7,8,8,150
1,4.1,131,1.2,4.3,5,8,220
0.75,4.1,115.5,1,4.3,8,4,150
0.5,4.1,100,1,4,5,4,120
0.5,4.1,110,1,3.2,3.15,4,90
0.5,4.1,107,1,3.2,3.15,4,90
0.5,4.1,105,1,3,2,4,60
0.75,4.1,112,1,3.2,3.15,4,90
0.5,4.1,120.6,1,3.5,5,4,120
1,4.1,143.5,1.2,4.5,8,4,100
1,4.1,143.5,1.2,4.5,8,4,130
2,4.1,189,1.7,5.7,13,16,340
2,4.1,172,1.7,5.5,13,16,400
0.5,4.1,103.3,1,4,5,4,140
2,4.1,338,1.6,8,5,16,320
2,4.1,338,1.6,8,5,16,280
2,4.1,141,1.7,5,13,-1,1000
0.75,4.1,118,1,4.3,8,4,180
2,4.1,143,1.7,4.7,4,-1,270
2,4.1,495,1.5,10,8.1,16,350
2,4.1,495,1.5,10,8.1,16,300
2,4.2,130,1.5,5,13.1,8,370
0.25,2.3,120,1,3.5,2,0.5,70
0.5,2.3,75,-1,4,3.15,0.25,70
0.25,2.3,90,1,4,3.15,0.5,70
-1,2.3,110,-1,4,3.15,0.1953125,70
1,4,173.8,1.5,4,8,16,270
1,4,140,1.5,4,5,4,120
0.5,4,-1,1.2,5,5,4,150
0.5,4,114.5,1,4,5,0.1015625,80
-1,4,149.1,1,4.5,5,2,120
-1,4,96,0.85,2.8,2,4,120
1,4,146,1.2,4.5,8,4,110
-1,4,370,1,7,2,2,130
-1,4,323,1,7,2,2.5,120
1,4,140,-1,4.7,8,8,170
1,4.1,177,1,5,12,4,200
0.5,4.1,130,1,4,5,4,90
0.5,4.1,126.5,1.2,4.3,8,4,160
1,4.1,200,1.2,5,8,4,160
1.7,1,4.1,155,1.7,4.6,8,52
1,4.1,137,1,4.3,8,8,130
1,4.1,120,1.2,4,8,4,230
1,4.1,110,1,3.5,5,4,150
1,4.2,220,1.2,5.7,12,16,230
1,4.2,145,1.2,5,13,16,230
1,4.2,125,1.2,4.7,8,4,180
0.5,4.2,106,1.2,5,13.1,4,190
1,4.2,159,1.2,5.3,8,4,250
2,4.2,132,1.6,5,13,16,460
2,4.2,130,1.9,5,13,16,330
2,4.2,130,1.6,5,13,16,320
0.25,2.3,120,1,3.5,2,0.5,80
-1,2.3,186,1,5,3.15,0.107421875,90
-1,2.3,85,1,3.9,2,0.197265625,70
0.25,2.3,122.7,1,3.5,2,0.5,70
0.25,2.3,118,0.832,3.5,2,0.5,70
0.5,4,130.5,1,4,5,4,150
0.5,4,140,1,3.5,3.15,4,150
0.5,4,131,1,4,5,4,70
0.5,4.1,170,1,5,5,4,100
1,4.1,150.5,1,4.5,8,4,220
1,4.1,123.9,1.4,4.3,5,16,200
-1,4.1,128.5,1.2,4,3.15,-1,170
-1,4.1,-1,1.2,4,5,4,150
2,4.1,145,1.7,4.3,8,16,250
1,4.1,190,1.2,5.3,8,4,130
1,4.1,170,1.2,5,8,4,130
1,4.1,129,1.2,4.3,5,8,270
0.5,4.1,-1,1.2,5,5,4,150
1,4.1,302,1.2,7,3.15,8,140
1,4.1,306,1.2,7,3.15,8,150
1,4.1,143.9,1.2,4.7,5,8,170
0.5,4.1,100.5,0.85,3,2,4,90
0.5,4.1,100.5,1,3,2,4,70
0.5,4.1,140,1.2,4.5,5,4,280
1,4.2,140,1.2,4.5,8,4,180
1,4.2,141.5,1.2,4.3,5,4,100
1.5,4.2,182,1.4,5.8,8,8,280
1.2,1,4.2,410,1.2,7.9,5,53
1.5,4.2,199,1.7,6.3,8,8,300
-1,2.3,135,-1,3.5,3.15,-1,40
0.5,4,137,1,4,5,4,100
-1,4,186,1,5,5,-1,90
-1,4,130,1,4.5,3.15,-1,70
-1,4,90,1,4,3.15,-1,50
-1,4,185,-1,5,5,0.5,100
1,4,150,1.6,4.3,5,4,140
1,4.1,-1,1.2,5.3,8,4,160
-1,4.1,450,-1,7,3.15,-1,120
1,4.1,130,1.2,4.5,8,8,290
2,4.1,141.2,1.5,4.7,13,16,270
0.5,4.1,168,1.2,5.3,8,4,190
1,4.1,119.1,1,3.8,5,4,90
1,4.1,124,1.2,4.3,5,8,160
2,4.1,138,1.5,4.5,13.1,8,230
1,4.2,143,1.2,4.7,12,-1,230
1,4.2,164,1.2,5,8,4,180
1,4.2,135,1.2,5,8,4,440
1,4.2,196.3,1.2,5.3,8,16,210
1,4.2,151.3,1.2,4.5,5,4,100
1,4.2,171.1,1.2,5,8,4,150
1.5,4.2,107,1.7,4.3,8,8,230
2,4.2,130.1,1.9,5,13,16,440
0.25,2.3,115.4,1,3.5,2,0.5,40
0.25,2.3,133,1,4,3.15,0.5,50
0.5,2.3,110,0.8,3.2,3.15,4,60
0.5,4,100,1,3.5,5,4,100
1,4,171.8,1.5,3.1,5,8,330
1,4.1,176.9,1.2,5.3,8,4,230
1,4.1,335,1.2,7,3.15,8,180
1,4.1,161,1.2,5,5,4,130
-1,4.1,143,1,4.5,5,-1,80
0.5,4.1,100,1,3.5,3.15,4,90
0.5,4.1,118,1,3.5,2,4,50
1,4.1,153.4,1.2,4,5,4,230
1,4.1,115,1,4,5,4,130
0.5,4.1,125,1,3.8,3.15,4,110
0.5,4.1,125,1,3.8,3.15,4,110
1,4.1,113.4,1.2,4,5,4,100
0.5,4.1,-1,1,5,5,4,110
1,4.1,154,1.5,5,13,8,270
1,4.1,163,1.2,5,8,4,200
2,4.1,156,1.7,4.6,4,32,300
1,4.2,195,1.5,5.7,8,8,320
1,4.2,124.9,1.2,4.7,8,4,230
2,4.2,585,1.9,10,5,-1,400
1,4.2,168,1.5,5,13,4,220
1,4.2,165,1.4,5,13,4,260
1,4.2,140,1.2,5,8,4,170
1,4.2,176,1.2,5,8,-1,190
1,4.2,115,1,4,5,4,130
1,4.2,175,1.5,5,8,8,160
-1,4.2,176,1.2,5,8,-1,220
1,4.2,302,1.2,7,2,8,100
1,4.2,302,1.2,7,5,16,130
2,4.2,210,2,6,8,16,350
2,4.2,212,2.2,6.4,8,16,280
1,4.2,147,1.2,4.5,8,4,200
1,4.2,158,1.2,5,13,16,230
2,4.2,671.3,-1,10,8,32,440
1.5,4.2,314,1.5,8,5,16,270
1,4.2,510,1.6,10,3.15,16,290
1,4.2,510,1.6,10,3.15,16,330
1,4.2,510,1.6,10,3.15,16,260
1,4.2,153,1.2,5,8,4,220
2,4.2,160,1.9,5,4,16,300
2,4.2,120,1.5,4.7,8,8,230
1.5,4.2,208,1.5,4.3,16,8,280
2,4.2,153,1.9,5,8,16,310
-1,-1,122.5,-1,1.6,-1,-1,80
0.25,2.3,-1,1,3.2,3.15,0.5,50
0.25,2.3,115.4,1,3.5,2,0.5,40
0.75,4,107,1,4,5,4,180
0.5,4.1,-1,1,3.9,5,0.5,70
0.5,4.1,-1,1.2,5,5,4,150
1,4.1,-1,1.2,4.6,8,4,120
0.5,4.1,130.4,1.4,4,5,4,140
1,4.1,167,1.5,4.7,8,4,170
1,4.1,350,1.6,7,3.15,8,150
0.5,4.2,144,1.2,4.5,5,4,100
1,4.2,147.7,1.2,4.5,5,4,150
1,4.2,170,1.2,5,5,4,150
1,4.2,-1,1.2,5.5,13,16,170
0.5,4.2,-1,1.2,4.5,5,4,130
1,4.2,158,1.5,4.7,8,4,100
0.5,4.2,120,1.3,4,5,4,120
0.5,4.2,147.7,1.2,4.5,5,4,120
1,4.2,357,1,7.9,5,8,150
2,4.2,130,1.7,4.3,10,16,180
0.5,4.2,145,1.2,4.5,5,4,100
1,4.2,122,1.4,4.3,4,16,240
2,4.2,137,1.7,5,10,16,250
2,4.2,167,1.7,5,10,16,220
0.25,2.3,118,1,3.5,2,0.5,50
0.25,2.3,105,1,3.5,2,0.5,40
0.5,4,-1,1,4.5,2,4,60
0.5,4.1,289,1.5,7,-1,8,80
1,4.1,127.6,1,4,5,4,110
1,4.1,123,1.2,4.3,8,4,180
1,4.1,169.8,1.2,4,5,8,260
1,4.1,126,1.2,4.5,5,4,200
1.4,1,4.1,120,1.4,4.7,8,57
0.5,4.2,120,1,3.5,3.15,4,100
1,4.2,110,1.2,4.7,8,4,160
0.5,4.2,96,1.3,4.3,5,4,130
1,4.2,374,1.2,7.9,5,8,190
0.5,4.2,142,1.2,4.5,5,4,120
0.5,4.2,128,1.3,5,5,4,100
0.5,4.2,128,1.3,4,3.15,4,80
0.5,4.2,-1,1.2,5,5,4,100
0.25,4.2,124,1.2,4,3.15,0.5,60
-1,4.2,100,1.2,4,5,-1,70
-1,4.2,125,1,3.5,3.15,-1,40
1,4.2,158,1.5,5,13,16,170
0.5,4.2,120,1.3,4,5,4,120
0.5,4.2,-1,1.2,5,8,4,90
0.25,4.2,-1,1.2,4,3.15,0.5,50
0.5,4.2,-1,1.2,4,3.15,0.25,60
0.5,4.2,-1,1,3.5,1.3,0.25,50
1,4.2,220,1.2,5.7,12,16,230
1,4.2,110,1.2,4.7,8,16,250
2,4.2,229,2.2,6,13,16,340
0.5,4.2,137.7,1.2,4,3.15,4,100
2,4.2,138,1.5,4.7,13,8,230
1,4.2,184,1.3,5.5,5,4,150
2,4.2,143,2.2,5.2,13,16,270
2,4.2,130,1.7,4.7,10,16,250
0.25,2.3,112,1,3.5,2,0.5,70
0.25,2.3,-1,1,3.5,1.3,0.5,40
0.5,4,159,1,4.5,3.15,4,80
0.5,4.1,136.5,1,4,5,4,70
1,4.1,480,1.2,8,2,4,120
1,4.1,127.6,1.2,4.5,8,8,150
0.5,4.1,120,1,4.3,5,4,160
1,4.2,130,1.2,4.5,5,4,110
0.5,4.2,162,1.3,5,5,4,130
0.5,4.2,157,1.3,4.5,5,4,100
0.5,4.2,110,1.3,4,5,4,80
0.5,4.2,100,1,3.5,2,4,70
1,4.2,117.4,1.2,4.7,13,16,360
1,4.2,522,1.6,10,2,8,250
1,4.2,184,1.2,5.5,5,4,120
0.5,4.2,143.5,1.2,5,5,4,110
2,4.2,121,1.5,5,13,16,420
2,4.2,143,1.6,5.1,8,16,370
2,4.2,213,1.7,5.9,13,16,430
1,4.2,135,1.5,4.8,8,16,210
-1,4.2,155,-1,-1,8,-1,150
-1,4.2,190,-1,-1,8,-1,80
-1,4.2,123.3,-1,-1,5,-1,80
1,4.2,244.9,1.2,7,5,16,130
1,4.2,328,1.6,7,5,8,220
2,4.2,170,2.2,5,20.7,16,330
1,4.2,-1,1.2,8,5,16,170
1,4.2,560,1.2,10,5,16,190
2,4.2,177.6,1.5,6,13,8,370
1,4.2,472.4,1,8,2,8,120
1,4.2,350,1.6,8,5,16,150
0.5,4.2,-1,1.3,4.5,5,4,90
0.25,4.2,-1,1,4,3.15,0.5,50
1,4.2,130,1.4,4.5,5,8,230
2,4.2,338,1.7,8.3,5,16,300
2,4.2,145,2.2,5,13,16,730
2,4.3,145,2.3,5,13,16,200
3,4.3,168,2.3,5.7,13,16,420
3,4.3,540,2.3,10,8,16,370
2,-1,374,2.2,8.9,8,16,280
2,-1,303,2.2,7,1.3,16,170
1,-1,345,1.5,7,-1,8,100
1,4.1,131.9,1.5,4.6,8,4,220
1,4.1,149,1.2,5,8,8,220
1,4.1,159.9,1.2,4,5,4,230
1,4.2,323,1.3,7,-1,16,130
1,4.2,315,1.3,7,-1,8,100
1,4.2,380,1.6,7.9,5,16,130
0.5,4.2,150,1.3,5,5,4,170
1,4.2,189,1.3,5.5,8,4,140
1,4.2,285,1.3,7,2,4,160
1,4.2,155,1.3,5,8,4,120
0.5,4.2,174,1,5,3.15,4,70
1,4.2,166,1.3,5.5,8,4,130
1,4.2,135,1.5,4.8,8,16,160
1,4.2,404,1.2,8,5,8,360
1,4.2,109,1.3,4.7,8,4,130
1,4.2,144,1.5,5,12,4,140
0.5,4.2,-1,1.3,3.9,5,4,60
1,4.2,163.3,1.3,5,8,8,140
1,4.2,180,1.3,6,8,4,170
1,4.2,220,1.2,5.7,12,16,180
1,4.2,322,1.2,7,2,8,190
1,4.2,310,1.2,7,2,8,150
1,4.2,163,1.2,5,5,8,130
-1,4.2,112,-1,3.5,2,-1,40
-1,4.2,122,-1,4,2,-1,50
0.5,4.2,120,1.3,4,5,4,80
1,4.2,-1,1.3,4.5,8,4,120
2,4.2,133,1.5,5,13,16,210
1,4.2,114,1.2,4.7,8,4,180
2,4.2,125,2,5,13.1,16,290
0.5,4.2,-1,1.3,4.3,5,4,130
1,4.2,325,1.2,7,5,16,180
0.5,4.2,140,1.3,4.5,5,4,150
1,4.2,143,1.5,5,13,16,200
1,4.2,196,1.3,6,5,8,130
1,4.2,-1,1.3,4.7,8,4,170
0.5,4.2,-1,1.2,4.5,5,4,100
1,4.2,128,1.3,4.7,8,4,240
2,4.2,120,1.6,4.7,8,16,300
1,4.3,126,1.4,4.7,13,-1,260
1,4.3,160,1.2,6,5,16,270
1,4.3,350,1.2,7,3.15,-1,160
2,4.3,162.5,1.6,5.5,8,16,410
2,4.3,283,1.6,4.8,16.3,8,330
1,4.3,-1,1.4,5,8,8,140
2,4.3,150,2.3,5.5,13,16,250
1,4.3,171.7,1.4,6,13,8,230
2,4.3,162.5,1.3,5.5,8,16,320
1,4.3,116,1.6,4,8,8,210
0.5,4.3,122,1.2,4,3.15,4,120
0.5,4.3,120,1.2,4,3.15,4,140
2,4.3,162,2.2,5,20.7,32,260
1,4.3,115,1.2,4,5,-1,130
2,4.3,196,1.6,6,13,16,200
2,4.3,196,2,6,13,16,250
2,4.3,145,2,5,8,8,130
2,4.3,202,1.6,6.1,13,16,330
2,4.3,137,2.2,4.3,20.7,16,320
1,4.3,171.8,1.4,6,13,8,280
3,4.4,753,1.9,12,8,-1,640
3,4.4,750,1.9,12,8,-1,540
3,4.4,740,2.3,12,8,-1,500
3,4.4,732,1.9,12,8,-1,470
2,4.4,477,2.3,10,8,16,420
2,4.4,469,1.9,10,8,16,360
2,4.4,335,2.3,8.4,8,16,420
2,4.4,331,2.3,8.4,8,16,290
3,4.4,753,2.3,12,8,-1,670
1,4.4,279,1.2,7,3,4,190
2,4.4,-1,1.7,5,16,32,240
2,4.4,154,2,5,16,16,350
3,4.4,154,2.7,5.5,13,32,330
1,4.4,143,1.2,4.5,5,8,140
3,4.4,730.2,1.9,12,8,-1,420
1,4.4,508,1.3,10,5,16,190
2,4.4,508,1.5,10,5,32,230
0.5,4.4,121.1,1.3,4,5,4,60
1,4.4,97,1.7,4.8,8,16,230
1,4.4,525,1.4,10,5,8,200
1,4.4,148.8,1.6,4.5,5,8,160
0.5,4.4,106,1,4,3.15,4,70
1,4.4,305,1.3,6.9,5,8,140
1,4.4,146,1.2,4.7,8,8,240
1,4.4,155,1.2,5.5,13,16,260
1,4.4,156,1.3,5,8,16,100
1,4.4,160,1.3,5,8,8,100
1,4.4,175,1.2,5.5,8,8,210
0.5,4.4,130,1.3,4,5,4,70
2,4.4,948,1.3,13,8,32,410
1,4.4,117,1.3,4,5,8,90
2,4.4,145,2.5,5.1,16,16,380
1,4.4,152,1.2,5,8,8,150
0.5,4.4,159,1.2,5,8,4,110
1,4.4,-1,1.3,5,13,8,150
2,4.4,165,1.2,5.5,13,8,200
2,4.4,619,1.8,10,8,16,300
2,4.4,419,1.3,8,8,16,230
1,4.4,-1,1.3,4.5,5,8,80
2,4.4,305,2.3,8.4,8,16,250
3,4.4,149,2.5,5.5,13,32,250
1,4.4,160,1.2,5,8,8,150
2,4.4,142,1.5,5,16,16,200
2,4.4,182,1.5,5.9,13,32,250
3,4.4,158,2,5.5,20.7,16,400
2,4.4,155,1.7,5.2,13,16,400
2,4.4,192,2.3,5.5,16,32,550
2,4.4,123,1.2,5,13,16,260
2,4.4,123,1.2,5,13,16,290
1,4.4,110.3,1.2,4.5,8,16,230
3,4.4,170.6,2.5,5.2,20.7,32,370
3,4.4,169,2.7,5.2,21,-1,290
2,4.4,160,2.3,5,-1,16,260
2,4.4,154,2.3,5.2,13,16,380
1,4.4,110.3,1.2,4.5,8,16,190
3,4.4,175,2.7,5.7,16,16,500
2,5,425,2.3,8.9,8,16,300
3,5,184,2.7,5.9,13,-1,420
0.5,4.4,122,1.3,4,5,4,80
2,4.4,139.2,2.1,4.7,16,16,300
1,4.4,160,1.2,5,8,-1,100
1,4.4,299,1.3,7,5,8,130
1,4.4,180.3,1.3,5,8,8,170
1,4.4,160,1.2,6,8,16,200
2,4.4,200,1.4,4.5,8,16,320
1,4.4,173,1.4,5.5,13,8,160
1,4.4,-1,1.3,5,8,8,130
1,4.4,153.7,1.2,4.5,8,4,100
1,4.4,135,1.4,5,8,8,150
1,4.4,148,1.2,5.5,8,4,120
1,4.4,155,1.3,5,8,8,140
1,4.4,-1,1.3,4.5,8,8,90
1,4.4,-1,1.3,4.7,8,8,100
1.5,4.4,137,1.2,4.5,5,16,180
1,4.4,290,1.2,4,8,16,700
1,4.4,270,1.2,2.6,5,8,490
-1,4.4,129,1.2,5,13,16,260
1,4.4,130,1.2,4.5,5,8,150
3,4.4,176,2.7,5.2,21,64,300
2,5,318,2.3,7.9,8,32,320
2,4.2,120,2.2,5.5,13,16,180
1,4.2,156,1.3,4.7,8,8,100
2,4.4,140,1.5,5,8,8,80
0.5,4.4,150,1.3,4.5,5,4,80
0.5,4.4,130,1,3.5,2,4,130
1,4.4,173,1.2,6,8,8,200
3,4.4,185,1.8,6,13,64,500
2,4.4,130,2.3,5,13,16,330
1,4.4,150,1.3,4.5,5,8,140
2,4.4,177,1.6,6,13,16,210
1,4.4,164,1.2,5,13,8,150
1,4.4,174,1.3,5,10,8,130
1,4.4,128,1.2,5,8,16,80
1,4.4,170,1.7,6,13,8,160
0.5,4.4,-1,1.3,4,2,4,60
2,4.4,-1,1.7,4.7,13,16,240
1,4.4,-1,1.3,4.5,8,8,110
1,4.4,-1,1.3,4.5,5,8,100
0.5,4.4,-1,1,4,3.15,4,60
1,4.4,-1,1.4,5.5,13,8,130
1,4.4,-1,1.4,5,8,8,110
1,4.4,-1,1.3,5,8,8,120
1,4.4,136.1,1.2,4.5,5,8,80
1.8,3,4.4,165,1.8,5.5,-1,62
3,4.4,149,2.5,5,13,16,230
1,4.4,160,1.7,5,8,8,190
1,4.4,160,1.2,5,8,8,180
2,4.4,145,1.7,5.5,13,16,130
2,4.4,156,1.7,5.5,13,16,470
2,4.4,116,1.5,5,13,16,200
2,4.1,145,1.7,5,13,16,510
0.5,4.1,104.6,1,3,2,4,90
0.75,4.1,190,1,5,5,4,100
0.75,4.1,128.7,1,4,3.15,4,120
0.5,4.1,128.7,1,4,3.15,4,100
0.5,4.1,105,1,3.1,2,4,120
1,4.2,149,1.5,4.5,8,16,190
1,4.2,180,1.3,5.5,5,4,270
1,4.2,620,1.6,10,3.15,8,350
1,4.2,140,1.3,5,13,16,200
1,4.2,151,1.3,4.7,8,8,170
-1,4.2,190,-1,5,8,-1,80
-1,4.2,156,-1,4.5,3.15,-1,60
0.5,4.2,250,1.3,7,3.15,4,110
1,4.2,-1,1.3,5,8,4,140
1.7,2,4.2,133,1.7,5,13,63
1,4.2,128,1.3,5,8,8,200
2,4.2,190,1.3,5.3,8,16,250
0.5,4.2,130,1.3,4.5,5,4,160
1,4.2,134,1.2,4.7,13,4,200
0.5,4.2,122,1.3,4,5,4,100
0.5,4.2,78,1,2.8,2,4,90
3,4.2,150.5,2.1,5.5,16,32,470
1,4.2,232,1.3,6.4,8,4,240
1,4.2,140,1.7,5,8,8,240
0.5,4.2,115,-1,4,5,4,120
1,4.2,313,1,7.8,2,16,120
1,4.2,329,1.6,8,5,8,300
-1,4.2,137,1.2,4.5,5,8,260
1,4.2,354.4,1.5,7,-1,8,70
2,4.2,239,1.6,7,13,16,350
1,4.3,182,1.2,5.9,8,8,280
1,4.3,130,1.2,4,5,4,120
2,4.3,143.5,1.4,5,13,16,310
1,4.3,-1,1.2,8,5,8,280
1,4.3,115,1.2,4.5,8,8,240
1,4.3,115,1.2,4.5,8,4,250
0.5,4.3,145,1.2,4.5,5,4,100
1,4.3,148,1.2,4.8,8,8,180
1,4.3,126,1.2,5,8,8,280
1,4.3,116,1.2,4.5,8,-1,200
1,4.3,110,1.2,4.5,8,4,160
2,4.3,615,1.6,10,8,16,260
1,4.3,148,1.2,4.8,8,8,170
1,4.4,285,1.2,7,-1,4,80
1,4.4,162,1.3,5,5,4,140
1,4.4,143.5,1.2,4.7,8,8,200
1,4.4,129.6,1.2,4.5,5,-1,200
1,4.4,121,1.7,4.7,13,8,240
1,4.4,121,1.2,4.7,8,8,160
1,4.4,126,1.2,4.7,5,8,170
1,4.4,124,1.2,4.5,5,4,150
1,4.4,126.6,1.2,4.5,5,4,130
0.5,4.4,114,1.2,3.5,3.15,4,80
0.5,4.4,113.4,1.2,3.5,3.15,4,90
3,4.4,426,2.3,10,8.1,16,380
3,4.4,172,2.2,5.9,13,16,310
2,4.4,144.9,2.5,5.1,16,16,480
1,4.4,121,1.2,4.7,8,8,180
1,4.4,125,1.2,4.7,5,8,290
3,4.4,439,2.3,10,8.1,16,350
1.5,4.4,165,1.6,5.5,13,8,250
2,4.4,145,2.5,5.1,16,16,360
3,4.4,163,2.3,5.2,20.7,16,260
2,4.4,145,2.3,5,8,32,150
-1,4.4,140,1.7,5,13,16,180
0.5,-1,76,1.2,1.6,-1,4,160
0.5,4.2,126,1.3,4,3.15,4,70
0.5,4.2,180,1.3,5,5,4,100
1,4.2,139,1.2,4.5,5,8,200
-1,4.2,177,-1,5,8,-1,80
-1,4.2,199,1.7,5.5,13,8,120
1,4.2,-1,1.3,5,8,8,160
1,4.2,120,1.3,4,5,4,100
1,4.2,-1,1.3,6,8,4,170
1,4.2,161,1.4,5.5,5,4,160
1,4.2,112,1.2,4,5,8,180
2,4.2,339.9,1.5,8.3,5,16,220
1,4.3,160,1.2,5,8,4,170
3,4.3,171,2.5,5.5,13,32,440
2,4.3,170,2.3,5.5,13,16,370
2,4.3,215,2.5,6.4,13,-1,350
2,4.4,150,2.3,5,13,16,320
2,4.4,-1,1.5,5.5,13,16,200
2,4.4,-1,1.7,5,16,16,220
1,4.4,-1,1.7,5,13,16,170
2,4.4,150,2.3,5,13,16,250
2,4.4,160,2.3,5,-1,32,250
2,4.4,160,2.3,5,-1,16,250
2,4.4,145,1.9,5.1,16,16,380
2,4.4,360,2.2,7.9,8,16,240
-1,4,136.1,1,4,5,-1,110
0.5,4.2,135,1.3,4.5,3.15,4,70
0.25,4.2,101,1,3.5,1.3,0.5,70
0.5,4.2,121,1.3,4,8,4,100
0.5,4.2,136,1.3,4.5,5,4,100
1,4.2,177,1.2,5.5,8,4,150
-1,4.2,155,-1,4,2,-1,60
1,4.2,-1,1.3,4.5,8,4,140
1,4.2,206,1.3,6,8,4,180
1,4.2,112,1.2,4.7,8,4,150
1,4.2,143.1,1.7,4.7,13,16,290
0.5,4.2,130,1,4,5,4,100
0.5,4.2,140,1.3,4.5,5,4,140
0.5,4.2,121,1.3,4,2,4,50
1,4.2,145,1.3,4.5,5,4,70
1,4.2,360,1.3,8,5,8,140
1,4.2,327,1.3,7,2,8,80
1,4.2,-1,1.3,6,5,8,100
-1,4.2,165,1.2,4.6,5,-1,250
0.5,4.2,117,1.3,4,3.15,4,50
1,4.2,298,-1,7,2,16,110
1,4.2,-1,1.6,7,5,8,90
-1,4.2,152,2.2,5.5,16,32,290
1,4.2,550,1.3,10,5,16,190
1,4.2,320,1.3,7,5,8,120
1,4.3,115,1.2,4.5,8,8,180
1,4.3,140,1.6,5,13,16,290
1,4.3,-1,1.2,4,5,4,80
1,4.3,119,1.7,4.7,8,4,200
1.5,4.3,132,1.4,4.8,8,16,300
1,4.4,298,-1,7,5,16,150
1,4.4,-1,1.2,5,5,4,120
1,4.4,123.9,1.2,4.7,5,8,220
1,4.4,126,1.2,4.3,5,4,150
2,4.4,200,1.3,4.8,20.7,8,440
0.5,4.4,123,1.2,4,5,4,120
1.5,4.4,276,1.2,7,3.15,8,190
1.5,4.4,276,1.2,7,3.15,8,240
1.5,4.4,276,1.2,7,3.15,8,280
1.5,4.4,320,1.2,8,3.15,16,270
1.5,4.4,320,1.2,8,3.15,16,300
1.5,4.4,320,1.2,8,3.15,16,350
1.5,4.4,487,1.2,10,3.15,16,270
1.5,4.4,487,1.2,10,3.15,16,310
2,4.4,130,1.6,5,8,16,200
1.5,4.4,487,1.2,10,3.15,16,300
3,4.4,162,2.5,5.5,13,16,250
0.5,4.2,100,1,3.5,2,4,80
1,4.2,171.5,1.7,6,8,8,180
1,4.2,-1,1.3,5,8,4,110
0.5,4.2,125,1,4,5,4,130
0.5,4.2,-1,1,4,5,4,80
0.5,4.2,-1,1,3.5,2,0.5,60
0.5,4.2,-1,1,4.5,3.15,4,80
0.5,4.2,-1,1.3,4,3.15,4,60
1,4.2,166,1.3,5,5,4,130
1,4.2,167,1.3,5,8,4,130
1,4.2,88.2,1.3,4.5,5,8,120
0.5,4.2,-1,1.3,4.7,5,4,80
1,4.2,-1,1.3,4.7,5,4,200
0.5,4.2,125,1.3,4,3.15,4,100
1,4.2,143,1.3,4.7,8,8,200
1,4.2,294.8,1,7,2,8,70
1,4.2,150,1.4,5,8,4,180
2,4.2,162,1.7,5.5,13,32,200
1,4.2,146,1.4,5.3,13,8,150
1,4.2,192,1.3,6,8,8,120
1,4.2,165,1.3,5,5,4,110
0.5,4.2,-1,1.3,4,2,4,60
2,4.2,129,1.7,5,13,16,340
2,4.2,129,1.7,5,13,16,260
1,4.2,136,1.7,5,8,8,150
1,4.3,290,1.2,7,2,-1,100
1,4.3,-1,1.2,4,5,4,80
1,4.3,-1,1.2,5,8,4,120
1,4.3,158,1.6,4.7,8,8,90
0.5,4.4,119.8,1.3,4,3.15,4,90
1,4.4,137,1.2,4.5,13,16,250
1,4.4,140,1.6,5,8,8,200
1,4.4,138,1.2,4.5,8,8,100
1,4.4,136.1,1.2,4.7,8,8,130
1,4.4,-1,1.3,4.5,5,4,80
1,4.4,354.4,1.3,7,-1,8,80
0.5,4.4,152,1.2,4.5,5,4,90
1,4.4,141,1.3,4.5,5,4,130
0.5,4.4,105,1,3.5,2,4,50
2,4.4,143,2,5,16,16,300
0.25,4.4,120,-1,4,3.15,0.5,60
1,4.4,523,1.2,10,5,16,260
1,4.4,342,1.2,8,5,16,220
1,4.4,293,1.2,7,3.15,8,160
1,4.4,-1,1.3,4.7,5,-1,90
1,4.4,142,1.2,4.3,5,4,100
1,4.4,142,1.2,4.3,5,4,90
2,4.4,124,1.8,5,13,16,250
1,4.4,143,1.2,4.5,5,8,160
1.5,4.4,165,1.6,5.5,13,8,250
2,4.4,149,2.5,5.5,13,16,300
2,4.4,170.1,2.5,5.1,16,16,530
1,4.2,88.2,1.3,4.5,5,8,100
1,4.2,-1,1.2,8,5,16,160
0.5,4.2,118.5,1.3,4,3.15,4,80
1,4.2,160,1.2,5,5,4,160
1,4.2,-1,1.7,5.5,13,8,220
0.5,4.3,118.7,1.2,4,5,4,130
1,4.3,150,1.2,4.3,5,4,90
1,4.3,140,1.6,5,8,8,270
-1,4.3,149,1.2,4.7,5,8,210
1.5,4.3,245,1.2,7,8,16,360
2,4.4,164,1.7,5.7,13,16,260
1,4.4,110,1.3,5,13,8,180
2,4.4,155,1.2,5,8,16,200
1,4.4,155,1.2,5,8,4,200
0.5,4.4,130,1,4,2,4,90
2,4.4,360,1.8,8,5,16,200
1,4.4,325,-1,8,-1,8,100
2,4.4,299,2.3,8,5,16,240
1,4.4,320,1.3,8,5,16,150
1,4.4,295,1.8,7,5,8,130
-1,4.4,328,1.3,8,5,8,200
1,4.4,299,1.8,7,5,8,210
2,4.4,595,1.8,10,5,16,400
1,4.4,550,1.8,10,2,8,220
1,4.4,150,1.3,5,13,8,190
0.5,4.4,-1,1,3.2,2,4,60
1,4.4,127,1.2,4.3,5,4,190
2,4.4,-1,2,5.5,16,32,300
0.5,4.4,-1,1.2,5,5,4,90
1,4.4,130.3,1.2,4,5,4,250
0.5,4.4,123.8,1,4,5,4,220
0.5,4.4,108,1,3.5,3.15,4,100
0.5,4.4,107.6,1,3.5,2,4,120
0.75,4.4,138,1.2,4.5,5,4,130
1.5,4.4,132,1.4,4.8,8,16,270
2,4.4,145,2.5,5.1,16,16,420
3,4.4,163,2.3,5,20.7,16,250
1,4.4,148,1.4,5.3,8,8,200
1,4.4,162,1.3,5,5,4,150
3,4.4,130,1.7,5,13,16,290
1.5,4.4,120,1.4,4.5,8,16,220
2,4.4,160,2.3,5,-1,16,300
-1,4.4,145,1.2,5,8,8,210
1,4.4,134,1.2,4.5,8,8,100
2,4.4,158,2.5,5.1,16,16,500
3,4.4,298,2.3,8.4,8,16,370
3,4.4,294,1.9,8.4,8,16,300
3,4.4,467,2.3,10,8,16,440
2,4.4,145,2.5,5,13,16,420
3,4.4,145,2.5,5.1,16,16,550
3,4.4,465,1.9,10,8,16,370
0.5,-1,63,1.2,1.6,-1,4,90
0.5,4.2,116,1.3,4,3.15,4,40
2,4.2,150,2.3,5.5,16,16,310
2,4.2,-1,1.3,5,13,16,160
2,4.2,133,1.7,5,13,16,200
0.5,4.2,105,1.2,3.5,2,4,60
1,4.2,-1,1.3,4,5,4,80
0.5,4.2,-1,1.3,4,5,4,80
0.5,4.4,-1,1.3,4,5,4,90
1,4.4,146.4,1.5,5.5,8,8,230
1.5,4.4,137,1.2,4.5,13,16,280
0.5,4.4,130,1.2,4,5,4,50
2,4.4,187.1,1.4,4.5,8,16,300
2,4.4,180,1.7,5,13,16,150
0.5,4.4,142,1.3,4,3.15,4,100
0.5,4.4,-1,1,3,2,4,50
1,4.4,-1,1.2,5,8,8,210
1,4.4,-1,1.3,5.5,8,8,140
1,4.4,-1,1.5,5,8,8,170
0.5,4.4,-1,1.3,4,5,4,90
1,4.4,173.8,1.3,6,8,16,190
2,4.4,141,1.2,5,13,16,240
1.5,4.4,136.9,1.2,4.5,5,16,160
0.5,4.4,123,1.2,4,3.15,4,90
0.5,4.4,129,1.2,4.3,3.15,4,90
2,4.4,-1,2,5,13,32,270
3,4.4,-1,2.5,5.5,13,32,250
2,4.4,160,2.5,5.5,13,32,240
2,4.4,143,2,5,13,16,180
1,4.4,149.7,1.2,5.5,8,8,250
1,4.4,149.7,1.2,5.5,8,8,190
2,4.4,390,2.2,8,5,32,300
1,4.4,134,1.2,5,8,8,190
3,4.4,149.7,2.5,5.5,13,32,300
2,4.4,390,2.2,8,5,16,230
-1,4.4,149,2.5,5,13,16,230
1,5,535.8,1.2,10,5,16,270
1,4.2,116,1.5,4.7,13,16,150
0.5,4.2,-1,1,3.9,3.15,0.5,60
2,4.2,185,1.6,5.5,13,8,160
1,4.2,128,1.3,4.5,5,4,130
1,4.2,156,1.3,5,8,16,130
1,4.3,132.5,1.2,4.5,5,4,140
2,4.3,150,1.6,5,13,16,330
1,4.3,115,1.2,5,8,4,120
2,4.3,117.9,1.2,4.7,13,16,210
2,4.4,-1,1.7,5,13,16,190
0.5,4.4,114,1.3,4,5,4,130
0.5,4.4,101,1,3.5,2,4,80
1,4.4,149.1,1.2,5,5,4,90
0.5,4.4,150,1.3,4.5,5,4,100
1,4.4,149.7,1.4,5,8,8,230
1,4.4,166,1.3,5,8,4,110
0.5,4.4,170,1.3,5,5,4,80
1,4.4,147,1.3,5,5,8,90
2,4.4,164,2.3,5,13,16,350
1,4.4,158,1.2,4.7,5,8,200
2,4.4,151,2.5,5,-1,16,250
1,4.4,-1,1.3,5,13,8,110
0.5,4.4,119,1.3,4.3,5,4,90
0.5,4.4,-1,1.3,4.3,5,4,90
1,4.4,163,1.3,5.5,13,8,240
1,4.4,137,1.3,5,8,8,100
1,4.4,145,1.2,4.5,8,4,110
1.5,4.4,167,1.2,5.7,8,8,270
2,4.4,146.8,2.2,5.2,13,32,360
1,4.4,125.9,1.5,4.3,8,8,240
1,4.4,133,1.3,5,8,8,170
1,4.4,-1,1.3,5,8,8,120
2,4.4,145,2.5,5.1,16,16,390
0.5,4.4,124,1.2,4,5,4,100
1.5,4.4,141,1.2,5,8,8,180
0.5,4.4,174,1.3,5,5,4,100
2,4.4,-1,1.4,5,8,16,170
1,4.4,294.8,1.2,7,5,16,190
3,4.4,179,2.5,6,16,32,430
1,4.4,344,1.2,8,5,16,240
1.5,4.4,168.1,1.2,5.7,8,8,300
1,4.4,149,1.2,4.8,8,8,200
2,4.4,115,2.5,4.7,12,32,450
2,4.4,115,1.8,4.7,12,32,390
1.5,4.4,118,1.4,4.5,8,16,250
1,4.2,-1,1.3,4.5,5,8,120
1,4.2,-1,1.3,5,8,8,120
2,4.2,-1,1.4,4.7,8,16,110
1,4.3,360,1.2,8,5,8,150
1,4.3,129,1.2,5,8,8,170
2,4.4,375,2.5,8.9,8,16,310
1,4.4,337,1.5,7,2,8,120
1,4.4,290,1.5,6,2,8,90
1,4.4,147,1.2,4.5,5,8,180
2,4.4,185,1.2,4.7,8,8,460
2,4.4,158,1.2,5.5,13,32,430
2,4.4,120,2,5,13,32,270
1,4.4,150,1.3,5,8,4,150
1,4.4,149,1.2,5,5,4,120
1,4.4,147,1.2,4.5,5,8,130
1,4.4,327,1.2,8,5,8,250
2,4.4,310,2,8,5,8,280
2,4.4,175,2,6,13.1,16,460
2,4.4,279,1.8,7,5,16,240
2,4.4,269,1.8,7,5,16,240
1,4.4,299,1.3,7,2,8,130
1,4.4,150,1.6,4.5,5,8,300
1,4.4,128,1.2,4.5,8,4,80
2,4.4,135,1.2,5,13,16,100
1,4.4,97.7,1.7,4.8,8,16,240
2,4.4,2005,1.5,17,0.9,32,370
0.015625,4.4,158,1.3,5.5,13,8,260
2,4.4,155,1.7,5.5,13,16,320
1,4.4,160,1.2,5,8,8,180
1,4.4,153,1.2,4.5,5,4,130
1,4.4,134,1.2,5,8,8,110
1,4.4,170,1.3,5,8,8,120
2,4.4,299,1.8,8,8,16,150
1,4.4,138.9,1.2,4.5,5,4,50
1,4.4,129.6,1.2,4.5,5,-1,100
1,4.4,-1,1.4,4.7,8,8,150
2,4.4,-1,1.7,5,13,8,170
0.5,4.4,-1,1.3,4,2,4,70
0.5,4.4,107,1,3.3,2,4,100
0.5,4.4,123,1.2,4,3.15,4,80
1.5,4.4,393,1.2,8,3.15,16,600
1.5,4.4,393,1.2,8,3.15,16,500
1,4.4,143.8,1.2,4.5,5,4,190
1,4.4,143.8,1.2,4.5,5,4,170
0.5,4.4,142,1.2,4.5,5,4,90
1,4.4,140,1.2,5,8,4,180
1,4.4,175,1.3,5,8,8,160
1,4.4,124,1.4,4.7,8,8,200
2,4.4,189.9,1.2,5.7,8,16,200
1,4.4,-1,1.2,5,8,16,180
1,4.4,-1,1.3,5,8,8,170
0.5,4.4,135,1.3,4.5,5,4,120
2,4.4,165,1.2,5.5,13,16,260
2,4.4,204,2.3,4.7,20.1,16,830
2,4.4,185,1.8,6,13,16,340
3,4.4,270,2.5,8,8.1,16,380
2,4.4,155,1.5,5.5,13,16,340
1.5,4.4,194,1.5,6,8,16,340
1,4.4,160,1.2,5,8,8,100
2,4.4,147,2.2,5.3,20.7,16,340
1,4.4,126,1.2,4.3,5,8,200
3,4.4,152,2.5,5.2,20.7,16,400
1,4.4,156,1.2,5,8,8,140
1,4.4,-1,1.3,4.5,5,4,80
1,4.4,107,1.3,4.5,5,4,90
1,4.4,138,1.3,4.5,5,4,80
2,4.4,144,2.5,5.2,13,16,320
1,4.4,149,1.2,5,8,8,160
3,4.4,174,2.7,5.6,16,-1,400
3,4.4,152,2.5,5.2,20.7,16,300
2,4.4,129,2.5,4.6,20.7,16,300
3,4.4,176,2.7,5.7,16,32,440
1,4.4,149,1.2,5,8,8,200
0.5,-1,75,1.2,1.6,-1,4,200
0.5,-1,49,1,1.5,-1,4,190
2,4.3,145,1.2,5,8,8,120
-1,4.4,280,1.2,7,5,8,160
2,4.4,149,1.7,5,13,16,240
2,4.4,156,1.8,5.5,13,32,450
2,4.4,140,1.5,5.3,13,32,330
1,4.4,130,1.2,4.7,8,8,270
2,4.4,130,1.7,5,13,16,340
1,4.4,269,1.3,7,2,8,100
1,4.4,269,1.3,7,-1,8,90
0.5,4.4,125,1,4.5,5,4,60
1,4.4,150,1.2,4.5,5,8,90
1,4.4,180,1.3,5,8,8,140
1,4.4,97,1.7,4.8,8,16,190
1,4.4,150,1.3,5,5,8,120
1,4.4,154,1.7,4.7,8,8,160
0.5,4.4,145,1.3,4.5,5,4,80
1,4.4,310.5,1.2,8,5,8,150
1,4.4,306,1.3,7,5,8,90
0.5,4.4,-1,1.3,4,5,4,90
0.5,4.4,-1,1.3,4,5,4,80
1,4.4,-1,1.3,5,5,8,80
1,4.4,-1,1.3,4.7,8,8,120
1,4.4,135,1.3,5,8,8,180
0.5,4.4,128,1,4,8,4,80
0.25,4.4,112,1.3,4,5,0.5,50
0.5,4.4,-1,1.3,5,5,4,80
0.5,4.4,110,1,4,2,4,50
1,4.4,269,1.3,7,2,16,110
1,4.4,-1,1.3,5,8,8,150
0.5,4.4,156,1.3,5,5,4,80
1,4.4,154,1.3,5,8,8,120
1,4.4,152,1.3,5,8,8,110
2,4.4,128,1.2,5,13,8,280
1,4.4,145,1.3,4.5,5,8,130
2,4.4,850,2.3,12,8,32,490
-1,4.4,855,1.3,10,5,16,240
2,4.4,350,2.3,7.8,8,16,390
1,4.4,128,1.2,5,8,8,100
1,4.4,128,1.5,5,13,8,100
0.75,4.4,122,1.2,4.3,5,4,120
0.5,4.4,122,1.2,4.3,5,4,110
2,4.4,141,1.5,5.5,13,16,300
1.5,4.4,161,1.2,5.2,13,16,260
1.5,4.4,-1,1.2,5,8,16,200
1,4.4,133,1.2,4.7,8,8,130
3,4.4,161,2.5,5.7,13,16,190
2,4.4,141,1.5,5.5,13,16,300
2,4.4,155,1.7,5.5,13,16,130
2,4.4,141,1.2,5.5,13,16,230
-1,5,185,2.3,5.5,13,16,400
-1,5,170,2.3,5.5,13,16,370
1,5,380,1.2,9.6,5,8,250
4,5,161,1.5,5.7,13,64,250
2,5,154,1.5,5,13,16,220
2,5,183,1.7,5.5,13,16,200
2,5,152,1.5,5.5,13,16,270
1,5,155,1.2,5,8,8,240
0.5,4.4,105,1,4,2,4,60
0.5,4.4,145,1.2,5,5,8,80
0.5,4.4,125,1.2,4.5,5,8,70
1,5,143,1.3,4.7,8,16,200
2,5,165,1.5,5.5,13,16,310
2,5,190,1.7,6,13,16,360
3,5.1,155.3,1.3,5.5,13,16,300
1,5.1,155.3,1.3,5.5,13,16,250
3,5.1,-1,1.3,5.5,13,16,120
2,5.1,-1,1.5,5.5,13,8,200
1,5.1,150,1.2,5,8,8,100
1,5.1,140,1,5,8,8,110
1,5.1,467.2,1.1,8,8,16,160
2,5.1,169.8,1.5,5.7,13,16,190
1,5.1,141,1.3,5,8,16,140
4,5.1,155,1.5,5.5,13,32,260
1.5,5.1,149,1.3,5,8,8,140
3,5.1,131,1.5,5,13,32,280
3,5.1,-1,1.3,5,13,32,140
1.5,5.1,172,1.2,5.5,13,8,180
2,5.1,173,1.1,5.5,8,16,130
2,5.1,160,1.3,5,13,16,190
2,5.1,2.65,1.6,18,2.1,-1,640
2,5.1,169.8,2.3,5.5,-1,32,290
3,5.1,140,1.5,5.2,13,32,330
4,5.1,192,1.4,5.7,16,-1,250
2,5.1,169,1.7,5.5,21,16,330
3,5.1,192,1.4,5.4,18,32,450
2,5.1,158,1.2,5.5,13,16,300
3,5.1,138,2.3,5,13,16,270
3,5.1,170.1,1.5,5.4,21,-1,390
3,6,517,1.9,10,8,-1,600
0.75,-1,92.7,1.2,1.3,-1,4,270
0.5,-1,62,1.2,1.3,-1,4,270
0.5,-1,66.5,1.2,1.3,-1,4,240
2,5,162,2,5.5,13,16,170
1,4.4,170,1.3,5.5,8,8,140
1,4.4,161,1.3,5,8,8,110
3,5,170.1,1.7,5.5,13,16,180
2,5,356,2.2,8,5,16,200
2,5,164,2,5.5,13,16,180
3,5.1,128,1.3,5,13,16,200
2,5.1,128,1.3,5,13,16,180
1,5.1,154,1,5,8,8,100
2,5.1,158,2.2,5,13,16,270
2,5.1,-1,1.5,5.5,13,16,250
2,5.1,-1,1.3,5.5,13,16,320
3,5.1,175,1.4,5.5,21,-1,300
1,5.1,158,1.4,5.5,13,16,190
2,5.1,-1,1.4,5,13,16,120
2,5.1,146,1.2,5,8,16,240
3,5.1,210,2,6,24,64,400
2,5.1,160,1.5,5.5,13,16,170
3,5.1,167,1.5,5.5,13,32,280
3,5.1,133,1.3,5,13,16,150
3,5.1,-1,1.3,5.2,13,16,170
3,5.1,147,1.3,5.5,13,32,290
-1,5.1,138,1.5,5,8,8,140
3,5.1,169,1.5,5.4,21,-1,330
2,5.1,155,1.5,5,13,16,280
3,6,185,2.3,6,16,32,430
2,-1,322,2.2,7.9,8,16,180
2,4.4,185,1.2,5.5,13,16,140
2,5,157,1.2,5,8,16,130
2,5.1,140,1.4,5,13,16,250
1,5.1,153,1.3,5,5,16,120
1,5.1,133.5,1.3,4.5,5,8,70
3,5.1,200,-1,5.5,8,16,340
3,5.1,208,1.3,6,13,64,420
3,5.1,183,1.3,5,8,32,170
1,5.1,153,1.3,5,5,16,90
1,5.1,-1,1.3,5,5,8,170
3,5.1,128,1.3,5,13,16,130
3,5.1,-1,1.3,5.5,13,16,150
1,5.1,-1,1,4.7,8,8,90
2,5.1,145,1.5,5.5,13,16,200
2,5.1,135,1.5,5,13,16,200
4,5.1,159,2,5.2,21,32,420
3,5.1,200,1.8,6,13,32,460
3,5.1,172,1.6,5.5,13,16,380
2,5.1,155,1.6,5.2,13,16,270
1.5,5.1,132,1.5,4.7,13,16,200
3,6,170,2.2,5.5,13,32,300
4,6,666.8,2.4,10,13,64,480
1,4.2,158,1.2,5,13,16,220
2,4.2,-1,1.4,5,8,16,150
1,4.2,-1,1.4,5,8,8,150
2,4.2,-1,1.7,5,13,16,160
1,4.4,-1,1.3,4.5,5,4,110
0.5,4.4,128,1.2,4,5,4,90
1,4.4,165,1.2,5,13,8,210
0.5,4.4,-1,1.3,5,5,4,80
1,4.4,-1,1.3,4.5,5,8,90
1,4.4,-1,1.3,4,5,8,90
1,4.4,97.7,1.7,4.8,8,16,210
1,4.4,-1,1.2,5,8,8,120
1,4.4,119,1.7,4.7,8,4,150
1,4.4,-1,1.3,4.7,5,8,120
1,4.4,112,1.3,5,8,8,130
1,4.4,-1,1.4,5,8,8,120
0.5,4.4,135,1.3,4.5,5,4,100
0.5,4.4,120,1,4,2,4,70
1,4.4,160,1.3,5,8,8,150
1,4.4,160,1.4,5,8,8,130
1,4.4,135,1.5,4.7,5,8,130
1,4.4,135,1.5,4.7,5,8,150
1,4.4,144,1.3,5,5,8,120
1,4.4,144,1.3,5,5,8,120
2,5,131,1.2,5,13,16,220
1,5,-1,1.3,5,8,8,80
2,5,299,1.3,7,5,8,220
1,5,140,1.2,4.5,5,8,120
1,5,137,1.2,5,8,8,140
1,5,124.4,1.2,4.7,8,8,120
1,5,145,1.2,4.5,5,8,130
1,4.4,322,1.3,7,2,8,130
3,4.4,-1,2.5,5.5,16,16,300
1,4.4,118,1.3,5,8,8,130
1,4.4,335,1.3,8,2,4,100
0.5,4.4,260,1.3,7,2,4,100
0.5,4.4,260,1.3,7,2,4,80
1,4.4,178,1.2,5,5,4,140
1,4.4,-1,1.2,7,2,8,100
1.5,4.4,135,1.2,5,8,16,220
0.5,4.4,-1,1.2,4,2,4,60
1,4.4,-1,1.2,5,8,8,160
1,4.4,180,1.3,5,8,8,160
2,4.4,120,1.2,5,13,16,170
0.5,4.4,-1,1,5,5,4,80
1,4.4,-1,1.3,5,13,8,100
1,4.4,112,1.4,5,8,8,140
0.5,4.4,-1,1,4,-1,4,60
2,4.4,155,1.7,5.5,13,16,370
0.5,4.4,118,1.2,4,5,4,90
1,4.4,433,1.2,9.6,5,8,180
1,4.4,310,1.3,7,2,8,120
1,4.4,130,1.2,4.5,8,8,160
2,4.4,-1,1.7,5.5,13,16,430
2,4.4,509,1.7,10,8,16,180
1.5,4.4,154,1.2,4.5,5,8,220
1,5,110,1.5,5,13,8,200
1,5,120,1.2,4,5,8,90
1,5,-1,-1,5.5,5,8,120
1,5,260,1.1,7,2,4,130
2,5,155,1.6,5,8,16,180
2,5,125.3,1.7,5.2,13,16,400
1,5,360,1.3,8,5,8,120
2,5,-1,1.3,5,8,8,130
1,5,-1,1.3,4.5,8,8,100
1,5,145,1.2,4.5,5,8,100
1.5,5,313,1.2,8,5,16,210
1,5,-1,1.5,4.7,8,8,130
3,5,393,1.5,10,8.1,32,500
3,5,150,2,5.5,20,32,320
2,5,239,1.5,7,13,16,370
2,5,135,1.5,5,13,8,220
3,5,389,1.5,10,8.1,32,400
2,5,170,1.8,5.5,13,16,250
3,5,157,1.5,5,20,32,420
2,5,136,1.5,5,13,8,200
3,5,145,1.7,5,16,32,300
1,5,155,1.2,5,8,8,210
3,5,165,1.5,5.5,16,16,200
2,5,147,1.5,5,16,16,170
3,5,132,2.1,5.1,16,-1,600
3,5,140,2.1,5.1,16,-1,410
2,5,150,1.7,5.5,13,16,150
2,5,140,1.5,5.5,8,8,150
2,5,141,1.5,5.5,13,16,250
1.5,5,110,1.2,4.7,13,8,200
3,5,132,2.1,5.1,16,-1,420
3,5,138,2.1,5.1,16,-1,400
0.5,-1,-1,1.2,1.4,-1,4,290
1,4.4,-1,1.3,4.5,5,8,120
1,4.4,150,1.2,5,5,8,170
1,4.4,125,1.3,4,3.15,4,100
1,4.4,135,1.2,4.5,8,8,150
1,4.4,144.9,1.5,4.5,5,4,130
1,4.4,146,1.2,4.5,8,8,130
1,4.4,138,1.7,5,13,8,250
1,4.4,160,1.2,5,8,4,130
0.5,4.4,117,1.2,4,2,4,60
1,4.4,-1,1.3,4.5,5,8,110
3,4.4,144,2,5.2,13,16,270
2,4.4,162,1.2,5,13,8,170
2,4.4,131,1.5,5,13,16,230
2,4.4,128,1.2,5,8,16,110
2,5,540,1.3,10,5,16,250
1,5,355,1.3,8,5,16,180
2,5,597,2.3,10,8,32,460
2,5,160,1.7,5,-1,16,330
4,5,158,1.8,5.5,13,64,280
1,5,-1,1.3,5.5,5,8,110
1,5,134,1.3,4.7,8,8,70
1,5,163,1.2,5.7,13,8,250
2,5,130,1.7,5,13,16,260
2,5,139.3,1.7,5.5,13,16,280
3,5,168,2.2,5.2,-1,32,500
2,5,131,1.2,5,13,16,170
3,5,228,2.2,6.8,13,64,420
3,5.1,166,1.3,5.5,13,32,230
3,5.1,155,1.4,5.5,16,32,300
1,4.4,-1,1.3,7.8,5,8,120
1,4.4,-1,1.2,4.5,8,8,70
0.5,4.4,157,1.2,5,5,4,70
2,4.4,-1,1.4,5,13,16,150
3,4.4,147,1.5,5,13,16,360
1,4.4,135,1.2,4.5,8,8,160
1,4.4,150,1.3,5,5,8,160
2,4.4,-1,1.2,5.5,13,16,180
0.5,4.4,112,1,4,2,4,60
2,4.4,147,1.5,5.5,13,16,130
1,4.4,110,1.2,5,8,8,190
1,5,-1,1.3,6,8,8,140
1,5,-1,1.3,4.7,8,8,110
1,5,151,1.3,4.7,8,8,100
3,5,168,1.5,5.7,13,32,340
1,5,406,1.3,9.6,5,16,210
1,5,-1,1.3,4.5,5,8,80
2,5,147,2,5.5,13,16,320
3,5,144,1.5,5.2,20.7,32,420
1,5,165.9,1.2,5.7,8,8,180
2,5,147,1.7,5.5,13,16,270
2,5,147,1.7,5.5,13,16,220
3,5,144,1.5,5.2,20.7,32,340
1,5,155,1.2,5,8,8,110
4,5,192,1.5,5.2,16,64,350
2,5,143,1.2,5,8,16,90
1,5,136,1.3,5,8,8,150
2,5.1,330,2,8,8,16,250
3,5.1,192,1.5,6,13,32,430
3,5.1,155,1.4,5.5,16,32,280
1,-1,154.5,1.7,5.5,13,16,180
1,4.4,135,1.3,4.5,5,4,130
1,4.4,135,1.3,4.5,8,8,70
1,4.4,135,1.4,4.7,8,8,130
0.5,4.4,-1,1,4,-1,4,50
0.5,4.4,-1,1.2,4,2,4,60
2,4.4,-1,1.5,5,13,16,200
1,4.4,149,1.2,4.5,5,8,110
1.5,4.4,107,1.2,4.3,8,8,190
3,4.4,194,1.7,5.5,13,32,440
1,4.4,154,1.3,4.5,8,8,70
1,4.4,-1,1.8,8,5,8,130
2,5,510,-1,10,5,8,160
1,5,265,-1,7,5,8,140
2,5,149,1.3,5.5,13,16,200
1,5,-1,1.3,5,8,8,120
2,5,-1,1.5,5,13,16,230
-1,5,170,1.7,5.5,13,16,280
3,5,157,2.2,5.2,20,16,300
1,5,350,-1,8,5,8,280
3,5,149,2.2,5.5,20.7,16,210
2,5,97,1.2,4.8,8,16,250
2,5,140,1.5,5.2,13,16,350
3,5,155,2.2,5.2,20,32,340
3,5,170,2.1,5.1,16,-1,380
3,5.1,204.4,2,6,24,64,490
3,5.1,210,2,6,24,64,480
3,5.1,211,1.3,5.5,13,32,330
1,5.1,141.5,1.1,4.5,5,8,110
1,5.1,-1,1.3,4.5,5,8,90
1.5,5.1,490,1.3,9.6,5,8,200
2,5.1,159,1.5,5.5,13,16,170
1,5.1,133.5,1.2,4.5,5,8,50
1.5,5.1,171,1.4,5.5,13,16,250
1.5,5.1,146,1.2,5,13,8,160
3,-1,138,2.1,5.1,16,-1,400
1,4.4,-1,1.4,5,13,8,90
0.5,4.4,123,1.2,4,3.15,4,70
1,4.4,-1,1.2,5,8,8,60
0.5,4.4,-1,1,3.5,1.3,4,40
1,4.4,172,1.3,5.5,8,8,140
2,4.4,-1,1.7,5.5,13,16,130
1,5,155.1,1.6,5,8,8,110
2,5,97,1.2,4.8,8,16,230
1,5,152,1.3,5,5,8,100
2,5,490,1.2,9.7,5,16,340
2,5,-1,1.5,5.5,-1,16,180
4,5,168,1.5,5.5,-1,0.125,450
3,5,265,1.9,8,8,-1,440
3,5,389,1.9,9.7,8,-1,520
1,5.1,154,1.2,5,13,8,140
1,5.1,185,1.1,4.7,8,16,440
1.5,5.1,156,1.1,4.7,8,8,110
-1,5.1,125,1.1,5,8,8,90
1,5.1,138.9,1.2,4.5,5,8,90
2,5.1,131,1.3,5,13,16,130
2,5.1,160,1.2,5,8,16,220
1.5,5.1,155,1.2,3.8,8,8,260
2,5.1,194.8,1.2,5.7,8,16,180
2,5.1,-1,1.5,5.5,13,16,330
1,5.1,138,1.3,4.5,5,8,100
3,5.1,175,1.5,5.5,13,16,300
3,5.1,156,1.7,5.5,13,32,300
1,5.1,155,1.3,5,8,8,130
1.5,5.1,139,1.5,5.2,8,8,160
2,5.1,169,1.7,5.5,21,16,250
1,5.1,155,1.4,5,13,8,170
3,5.1,179,1.4,5.7,21,16,260
4,5.1,172.9,1.5,5.5,-1,-1,350
2,5.1,135,1.3,5.5,8,32,160
1,5.1,155,1.4,5,13,8,170
2,5.1,151,1.8,5.7,16,32,350
1,5.1,138.9,1.1,5,8,8,190
2,5.1,169,1.7,5.5,21,16,240
0.5,-1,83,1.2,1.5,5,4,160
2,4.4,147,1.5,5.5,13,16,160
3,4.4,155,1.7,5.2,13,32,200
2,4.4,133,1.2,4.7,8,16,120
2,5,272,-1,7,8,16,160
1,5,177,1.3,6,8,8,110
2,5,176,1.3,5,8,16,220
1,5,-1,1.3,4.8,8,8,130
2,5,160,2,5.5,13,16,160
4,5,170,2.3,5.5,13,-1,500
2,5,190,1.7,6,13,16,300
2,5,170,1.2,5.5,13,16,220
2,5,140,1.2,5,8,8,200
3,5,142.6,2,5,21.2,16,300
2,5,140,1.2,5,13,8,210
2,5,187,1.7,6,13,16,350
2,5,187,1.7,6,13,16,310
2,5,202,1.2,5.5,13,8,170
3,5,142.5,2,5,21.2,16,240
1.5,5,347,1.2,8,5,32,300
1,5.1,135.5,1,4.5,8,8,140
2,5.1,135,1.3,5,8,8,130
1,5.1,158,1.2,5.5,8,8,160
1,5.1,119,1.2,4.7,8,8,150
1,5.1,137,1,4.5,5,8,70
1,5.1,-1,1,5.5,8,8,140
1,5.1,-1,1,5,8,8,120
1,5.1,-1,1,4.5,5,8,100
1,5.1,137.5,1,4.5,5,4,130
2,5.1,145,1.2,5,8,16,130
2,5.1,151,1.8,5.7,16,32,380
2,5.1,489,2.2,10,5,16,250
1,5.1,143,1.1,3.2,3.15,4,150
4,5.1,153,2.1,5.7,16,-1,550
3,5.1,160,1.7,5.2,13,32,310
3,5.1,175,2.5,5.5,13,64,320
4,5.1,153,2.1,5.7,16,-1,530
2,5.1,145,1.6,5.1,16,16,350
4,5.1,171,2.1,5.7,16,-1,540
4,5.1,171,2.1,5.7,16,-1,590
4,5.1,171,2.1,5.7,16,-1,600
4,5.1,153,2.1,5.7,16,-1,530
0.5,4.4,131,1.5,4.3,5,4,140
2,5,353.8,1.6,8,5,-1,350
1,5,137,1.3,5,8,16,160
2,5,136.6,1.3,5,8,16,130
1,5,132,1.3,4,5,8,60
2,5,229,1.5,6.8,13,32,250
2,5,128,1.2,5,13,16,160
1,5,128,1.2,5,8,8,150
2,5,141,-1,5.5,13,32,270
3,5,-1,1.5,5.5,-1,32,420
3,5,161,1.5,5.2,20.2,32,300
4,5,185,2.5,5.5,13,-1,500
3,5,132,1.7,5,13,32,270
2,5,140,1.7,5.5,13,16,190
3,5,168,2.2,5.2,21,32,480
1,5.1,142,1.1,4.5,5,8,110
1,5.1,142,1,4.5,5,8,90
1,5.1,165,1.3,5.5,8,8,200
1,5.1,145,1.3,5,8,8,150
2,5.1,140,1.3,5,13,16,230
2,5.1,212,1.3,5.5,13,16,300
1,5.1,156.5,1,4.5,5,16,140
2,5.1,130,1.3,5,13,16,240
3,5.1,207,2,6,24,64,310
1,5.1,181,1.1,4.5,5,8,340
2,5.1,128,1,5,13,16,120
1,5.1,250,1.2,6.9,13,16,180
2,5.1,189,1.5,5.5,13,32,380
2,5.1,148,1,5,8,16,110
3,5.1,168,2.1,5.7,21,32,390
2,5.1,147,1.5,5,13,16,250
1,5.1,137,1.3,4.7,8,8,130
1,5.1,146,1,4.5,5,8,70
2,5.1,170.1,1.2,5.5,8,16,130
2,5.1,153,1.3,5.5,13,16,240
1,5.1,129,1.3,4.7,5,8,150
2,5.1,132,1.4,5,13,16,210
1,5.1,128,1.2,4.7,8,8,70
3,5.1,156,2.2,5.5,13,-1,350
1.2,1.5,5.1,150,1.2,5,13,82
3,5.1,180,1.5,5.5,23,32,510
3,5.1,180,1.5,5.5,23,32,500
3,5.1,154,1.5,5.2,23,32,450
3,5.1,154,1.5,5.2,23,32,420
2,5.1,138,1.5,4.6,23,32,410
2,6,143,1.5,5,13,16,300
3,6,178,1.5,5.7,12.3,-1,450
2,6,136,1.4,5.2,12.3,16,270
1,-1,432,1.5,10,5,16,210
1,-1,311,1.5,8,5,8,130
1,-1,313,1.3,7,2,8,50
0.5,-1,-1,1.2,1.4,-1,4,170
0.5,-1,-1,1.2,1.6,-1,4,170
0.5,-1,54,1.2,1.3,-1,4,300
0.5,-1,-1,1.2,1.3,-1,4,300
0.5,-1,-1,1.2,1.5,-1,4,300
2,5,150,1.7,5.5,13,16,180
3,5,135,1.5,5.2,13,64,390
3,5.1,147.6,1.3,5.5,13,32,300
2,5.1,200,1.3,5,8,16,170
1,5.1,118.5,1,4.5,5,8,130
2,5.1,140,1.3,5,8,16,230
1,5.1,125,1,5,8,8,130
2,5.1,120,1.2,4.7,8,16,180
3,5.1,142,1.3,5,13,16,110
2,5.1,-1,1.3,5,8,16,120
2,5.1,500,2,10,13,16,310
2,5.1,142,1.3,5,8,8,100
4,5.1,204,1.5,6.3,21,-1,350
-1,5.1,165,1.8,5.5,13,32,190
2,5.1,142,1.5,5,13,16,110
2,5.1,129,1.3,5,13,16,210
1,5.1,161,1.3,5,5,8,110
3,5.1,134,1.7,5,13,16,230
3,5.1,145,1.5,5,13,32,140
1,5.1,207,1,6,13,16,190
2,5.1,144,1.5,5,13,16,160
1,5.1,164.4,1.1,5,5,8,110
3,5.1,-1,1.3,5.5,13,32,240
3,5.1,153.2,1.3,5.5,13,16,150
1,5.1,-1,1.1,6,8,8,100
2,5.1,160,1.3,5,13,16,140
1,5.1,120,1,4.5,5,8,100
1,5.1,131,1.3,4.5,5,8,130
2,5.1,164,1.3,5.5,13,16,270
2,5.1,170.1,1.3,5.5,8,16,120
1,5.1,142,1.2,5.3,13,16,170
3,5.1,158,1.3,5.5,13,16,190
1.5,5.1,360,1.3,8,5,16,180
2,5.1,164,1.4,5.5,16,16,160
1,6,-1,1.3,7,2,8,80
0.5,6,-1,1.3,4,2,4,60
2,6,150,1.2,5,13,16,130
3,6,490,1.4,9.7,8,32,360
4,6,165,2.1,5.5,21,32,530
3,6,183,2.2,5.5,13,32,190
3,6,145,1.4,5,13,16,200
3,6,340,1.2,8,8,16,230
2,6,168,1.2,5.5,13,16,140
3,6,153,1.4,5.5,16,32,200
1,6,144,1,4.5,5,8,80
2,6,138,1.5,5.2,13,16,120
2,6,138,1.2,5,8,16,150
4,6,160,2.3,5.5,16,32,330
3,6,151,1.3,5.5,13,64,240
4,6,166,2.3,5.7,22.5,64,610
4,6,196,2,6,-1,64,500
4,6,158,2,5.2,23,-1,270
4,6,209,2.3,6.4,16,0.125,770
3,6,162,2.1,5.5,-1,32,210
0.005859375,6,185,1.9,6,16,64,570
4,6,145,2,5.5,16,64,450
0.005859375,6,189,1.9,6,16,64,620
4,6,151,2,5.5,16,64,440
4,7.1,168,2.1,5.5,12.3,-1,880
4,7.1,143,2.1,5,12.3,-1,770
2,6,140,1.6,5,13,16,200
4,6,158,2,5.7,12,-1,550
4,6,163,2.5,5.2,12,64,430
1,6,165,1.3,5,5,8,70
3,6,147,1.4,5.2,13,32,260
3,6,163,1.3,5.5,13,32,150
3,6,155,1.3,5.5,13,16,100
1.5,6,160,1.4,5,8,8,140
1.5,6,160,1.4,5,8,8,130
4,6,154,1.5,5.5,13,32,270
4,6,154,1.5,5.5,13,32,250
42.50585938,6,175,1.4,5.5,16,32,280
4,6,168.2,2,5.5,-1,64,370
3,6,163,1.9,5.5,16,32,250
0.005859375,6,178,2.1,5.4,-1,0.125,700
0.005859375,6,199,1.9,5.8,16,64,580
4,6,154,2,5.5,16,-1,460
2,6,131.5,1.4,5,13,16,110
2,6,156,1.4,5,13,16,130
3,6,156,2,5,13,32,160
0.005859375,6,158,2.3,5.5,16,-1,440
3,7,174,1.5,5.5,16,32,570
4,7,169,2.4,5.5,-1,64,850
4,7,190,2.4,5.9,-1,64,630
1,5.1,270,-1,6.9,5,8,120
1,5.1,126,1.5,4,5,8,110
4,6,320,1.4,7.9,8,32,390
2,6,170,1.2,5.5,8,16,110
3,6,160,1.2,5,8,16,210
2,6,-1,1.3,5,8,16,140
4,6,145,2.3,5,-1,64,600
2,6,138,1.4,5,13,16,250
3,6,175,1.8,5.5,13,16,190
1,6,-1,1.3,4.5,5,8,70
1,6,-1,1.3,4,5,8,60
2,6,156,1.2,5.3,13,16,160
4,6,168,2.3,5.5,16,64,420
-1,6,138,1.1,5,5,8,120
1,6,132,1.1,4.5,5,8,100
2,6,510,1.5,10,5,32,340
-1,7,160,2.3,5.5,13,64,450
3,7,149,1.5,5.7,13,16,200
2,7,140,1.4,5.3,13,16,160
2,7,144,1.5,5.3,13,16,210
1.5,7,144,1.4,5,13,16,160
3,5,169,2.2,5.5,13,32,210
1,5.1,174,1.1,5.5,5,8,120
3,5.1,209.8,1.3,6,13,64,420
1,5.1,150,1.3,5,8,16,80
2,5.1,142,1.5,5,13,16,140
2,5.1,142,1.5,5,13,16,120
3,5.1,189,1.6,5.5,13,32,260
2,5.1,155,1.3,5,8,16,110
1,5.1,123,1.2,4,5,8,90
1,5.1,153,1,5,13,16,160
3,5.1,133,1.4,5,13,64,220
1,6,125,1.3,5,8,8,110
2,6,-1,1.8,5.5,13,16,150
1.5,6,-1,1.1,5.5,8,16,110
1,6,-1,1.1,5,8,8,80
4,6,144,2,5.5,16,64,450
1.2,3,6,-1,1.2,4.7,13,87
2,6,155,1.6,5.5,13,16,240
2,6,140,1.6,5,13,16,190
1.5,6,140,1.1,5,8,16,170
2,6,118,1.1,5.2,-1,16,320
2,6,120,1.2,4.9,13,16,180
1.5,6,145,1.2,5.7,13,16,190
4,6,157,2.1,5.5,12,32,550
2,6,-1,1.3,5.2,13,16,180
2,6,-1,1,5,13,16,120
1,6,260,1.3,7,2,8,80
1.5,6,157,1.3,5,8,8,150
4,6,152,2.3,5.1,12,-1,500
4,6,157,2.1,5.5,12,-1,570
4,6,152,2.1,5.1,12,32,460
4,6,129,1.8,5.1,16,0.125,240
3,6,149,1.8,5.5,16,32,350
2,6,135,1.7,5.2,13,16,250
4,6,147.2,1.9,5.5,16,64,450
2,6,509,1.3,10,8,32,280
-1,6,329,1,8,5,16,120
2,6,137.4,2,5,13,16,200
4,6,159,2.1,5.3,-1,32,450
2,6,137.4,2,5,13,16,250
3,6,164.4,2.1,5,23,32,420
3,6,153,1.4,5,23,32,350
1,5,153,1.3,4.5,5,8,90
4,5.1,207.7,2,4.2,16,64,550
0.5,5.1,-1,1.3,5,5,8,60
4,5.1,145,2,5.5,13,64,350
1,5.1,-1,1.3,4.5,5,8,70
4,5.1,172.5,1.8,5.7,16,64,410
4,5.1,140.5,1.8,5.2,13,64,350
4,5.1,167.8,1.8,5.4,16,0.125,520
3,5.1,144,1.5,5,13,32,250
4,5.1,185,1.8,6,16,-1,550
1,5.1,128,1.3,5,5,8,120
1.5,5.1,283,1.3,7,5,8,130
4,6,193,2,5.5,20.7,64,250
0.005859375,6,167.8,2.1,5.4,16,0.125,610
4,6,210,1.8,6,16,32,500
2,6,170,1.6,5.5,13,16,230
2,6,159,1.2,5.2,13,16,190
2,4.4,153,1.2,5,8,16,110
2,4.4,278,1.2,7,5,16,100
3,5,149,2,5.5,16,16,190
1,5.1,125,1.2,4.5,5,8,90
2,5.1,160,1.6,5.5,8,16,150
1,5.1,150,1,4.5,5,8,80
1,5.1,135,1.3,5,8,8,110
2,5.1,132,1.5,5,13,16,130
2,5.1,163,1.8,5.5,13,16,180
4,5.1,-1,2,5.5,13,16,180
3,5.1,167.5,1,5,8,16,150
2,5.1,-1,1.3,5.5,13,16,150
4,5.1,168,1.8,5.5,13,32,300
3,5.1,138,1.5,5,13,16,260
1,5.1,160,1.3,5,8,8,90
3,5.1,-1,1.5,6,13,16,180
3,5.1,138,1.2,5,16,64,250
2,6,-1,1.3,10,5,16,230
2,6,-1,1.3,5.5,13,16,200
2,6,158,2,5,13,16,270
4,6,185,2.1,5.7,21,-1,350
4,6,153,2.5,5.5,21,32,260
3,6,153,2.3,5.5,16,-1,190
2,6,144.6,1.2,5.7,13,16,150
4,6,160,2.5,5.2,21,-1,410
0.015625,6,138.9,1.3,5,5,-1,110
2,6,156,2,5.2,13,16,170
-1,6,147,2,5.2,13,16,250
4,6,162,2.5,5.5,-1,64,580
3,6,144,2.5,5.2,-1,32,400
1,6,295.1,1.1,7,5,8,130
-1,6,-1,1.8,5.5,16,32,330
3,6,161,1.8,5.2,12,32,420
4,6,161,2.1,5.2,12,-1,500
4,6,145,2.1,5.2,13,64,520
3,6,156,1.8,5.3,-1,32,350
2,5,158,2.2,5,13,16,390
3,5.1,168,1.3,5.5,13,16,120
3,5.1,142,1.3,5,13,32,200
2,5.1,-1,1,5,8,16,130
0.5,5.1,110,1.3,3.5,2,4,30
3,5.1,-1,1.5,7,13,16,250
1,5.1,166,1.1,5,5,8,90
4,5.1,172,1.8,5.5,13,32,180
2,6,157,1.8,5.5,13,16,140
3,6,156,1.5,5.5,13,32,280
4,6,170,2.3,5.7,-1,32,450
1.5,6,147,1.3,5,13,16,150
3,6,203,1.4,6.4,16,-1,170
2,6,-1,1.5,6,-1,16,210
2,6,146,1.2,5.7,13,16,250
2,6,525,1.6,10,8,16,220
-1,6,233,1.8,6.8,23,-1,700
-1,6,170,2.1,5.7,23,-1,690
2,6,202,1.5,5.5,13,32,170
2,6,139,1.3,5.3,13,16,240
1.5,6,121,1.3,5,8,16,200
4,6,169,2,5.7,16,-1,450
4,6,143,1.5,5.2,16,-1,360
1,6,128,1.1,5,8,8,100
-1,6,137,1.2,5,8,8,140
3,6,202,2,6,21.5,16,380
3,6,155,2,5.5,16,32,450
4,6,149,2.1,5,13,64,220
2,6,-1,1.6,8,5,16,350
2,6,155,1.5,5.5,16,16,230
2,6,155,1.5,5.5,13,16,190
4,6,175,2.1,5.5,20,64,410
1,5.1,179,1.3,6,13,8,120
4,5.1,170,1.5,5.5,13,64,380
2,5.1,140,1,5,13,16,120
2,5.1,138,1.5,5,13,16,120
2,5.1,136,1.2,5,8,16,220
3,5.1,160,1.5,5.5,13,32,290
2,5.1,139,1.2,5,8,16,150
4,5.1,183.5,1.8,5.7,16,64,680
4,5.1,151,1.8,5.2,13,64,640
2,5.1,135,1.5,5,13,16,130
4,5.1,185,1.8,6,16,64,360
1,6,148,1.3,5,8,8,60
3,6,218,1.3,6.4,-1,32,250
3,6,225,1.3,6.4,13,32,230
4,6,259,1.8,6.4,16,64,550
1,6,-1,1.3,5.5,8,16,80
4,6,184.8,2.1,5.1,12,32,710
2,6,158.4,1.3,5.2,13,16,210
4,6,170,1.8,5.5,13,64,390
0.015625,6,133,1.3,5.5,13,-1,200
3,6,150,1.4,5.5,12.3,32,480
2,6,309,1.5,8,5,16,220
3,6,155,1.8,5.5,16,32,380
2,6,150,1.8,5.5,13,16,160
2,6,144,1.4,5,13,32,170
2,6,144,1.4,5,13,16,120
-1,6,162,2.1,5.5,16,64,450
4,6,163,2.1,5.5,21,-1,720
4,6,136,2.1,5.5,13,-1,540
0.005859375,6,158,2.1,5.5,16,64,400
2,5,-1,1.4,5,13,16,100
3,5.1,163,1.3,5.5,13,16,200
0.5,5.1,132,1.3,4,5,4,50
1,5.1,-1,1.3,5,8,8,70
1.5,5.1,289,1.5,7,8,8,220
0.5,5.1,110,1.3,4,5,4,70
4,6,430,2.1,9.7,8,-1,400
1,6,135,1.2,4.5,8,8,110
3,6,135,1.5,5.2,13,16,270
1,6,139,1,5,8,8,200
1.5,6,122,1.3,5,8,16,180
2,6,133,1.3,5.5,13,16,160
-1,6,155,2.3,5.5,12,32,300
1,6,-1,1.3,5,5,8,50
1,6,140.6,1,5,8,8,120
2,6,149,1.3,5,8,16,150
4,6,174,2.5,5.5,-1,0.125,210
2,6,-1,1.5,6,13,32,110
3,6,190,2,5.5,13,-1,230
2,6,130,1.4,5.2,13,16,170
4,6,153,2.3,5.2,-1,-1,340
2,6,148,1.2,5.2,13,16,230
3,6,142,1.3,5.5,16,32,170
2,6,172,1.2,5.5,13,16,180
2,6,138,1.5,5,8,16,160
1.5,6,138,1.5,5,8,8,150
2,6,150,1.4,5.5,13,32,270
3,6,144,2,5.2,16,32,360
2,6,145,1.8,5,16,16,300
1.5,5.1,140.1,1.1,5,5,8,70
2,5.1,495,1.2,10,8,16,240
2,5.1,250,1.2,7,13,16,230
3,5.1,172,1.8,5.5,13,32,220
1,5.1,-1,1.3,6,8,8,100
3,5.1,160,1.5,5.5,13,32,300
3,5.1,153,1.5,5.5,13,32,220
2,5.1,128,1.2,4.7,8,8,80
3,5.1,-1,1.7,5.2,13,16,170
2,6,260,1.3,7,13,16,170
3,6,169,1.3,5.5,13,32,250
1,6,-1,1.2,5,8,8,120
2,6,163.9,1.1,5.5,8,16,80
-1,6,167,1.2,5.5,-1,32,200
3,6,143,1,5.5,8,16,80
1,6,278,1.5,7,2,8,150
-1,6,160,2,5.5,16,32,280
1.1,1,6,127,1.1,4.5,5,93
2,6,158,1.8,5.5,13,16,190
3,6,147,1.3,5,8,32,200
2,6,439,1.4,10,5,16,190
1,6,167.9,1,5,5,8,60
2,6,175,2.1,5.5,13,16,170
2,6,158.8,1.2,5.5,13,16,110
1,6,-1,1.3,5,8,8,130
3,6,166,1.3,5.5,13,32,280
4,6,219,2.5,6.6,13,-1,440
3,6,167,1.6,5.5,13,16,280
4,6,169,2.1,5.7,12,64,760
4,6,169,2.3,5.7,12,64,850
3,6,144,1.4,5,13,32,150
3,6,165,2,5.5,16,32,350
2,-1,139,1.5,5,13,16,160
0.5,-1,48,-1,1.3,-1,4,230
1,5.1,146,1.3,4.5,5,8,70
1,5.1,126,1,5,8,8,100
2,6,156,1.3,5,13,16,200
4,6,173.4,1.5,5.5,13,-1,180
2,6,143,1,5.5,8,16,180
4,6,165,1.8,5.5,20,64,460
3,6,155,1.4,5.5,13,32,260
2,6,149.8,1.8,5,13,16,350
4,6,-1,2.3,8.4,8,-1,340
4,6,175,2.3,5.5,16,-1,330
2,6,142,1,5,8,16,130
1,6,142,1,5,8,16,110
-1,6,169,1.4,5.5,16,32,250
2,6,140,1.4,5,13,16,200
2,6,155.6,1,5,8,16,170
3,6,189,1.8,6,13,64,270
2,6,153.5,1,5,8,16,130
4,6,168,2.3,5.7,-1,64,370
3,6,145,2.1,5.1,12,64,310
2,6,145,1.4,5,13,16,170
3,6,160,2,5.5,16,32,420
3,6,637,1.8,10,13,32,300
3,6,182,2.1,5.7,16,32,560
3,6,169,1.6,5.5,13,16,300
3,6,167,2,5.5,13,32,260
2,6,143,1.4,5,13,16,230
2,6,140,1.4,5,8,16,160
2,6,140,1.4,5,13,16,190
2,6,139,1.4,5,16,16,220
3,6,146,2,5,12,32,300
-1,6,177,2,5.5,13,32,240
3,6,135,1.4,4.6,23,32,370
3,6,161,2.1,5.2,23,32,610
3,6,153,1.5,5.2,16,32,270
4,7,174,2.1,5.7,-1,-1,560
4,6,490,1.4,9.7,8,32,450
4,6,152,1.4,5,13,64,170
3,6,148,1,5,13,16,210
4,6,162,1.5,5.3,13,32,250
3,6,145,2,5.2,16,32,470
1,6,-1,1.1,5,8,8,90
1,6,-1,1.3,4.5,5,8,80
4,6,158.6,2,5.5,16,64,450
-1,6,165,2,5.5,13,32,160
4,6,170,2,5.5,-1,-1,550
1.5,6,147,1.4,5,5,16,260
4,6,172,2.2,5.7,16,64,420
3,6,186,1.9,5.7,16,32,530
3,6,157,1.9,5.2,16,32,430
2,6,138,1.6,4.7,13,16,330
3,6,185,2,5.5,-1,32,260
2,7,-1,1.1,6,8,16,120
3,7,175,1.5,5.2,13,32,230
-1,7,170,2.3,5.7,23,-1,800
3,7,-1,1.5,5.2,13,-1,330
4,7,170,2.1,5.7,12,-1,750
3,7,147,2.1,5.2,12,16,200
3,7,-1,2,5.5,-1,32,190
2,7,141,1.4,5.2,-1,16,250
3,7.1,169,1.4,5.5,16,32,230
2,6,-1,1.3,5.2,8,16,200
4,6,167.5,2,5.5,-1,64,420
2,6,120,1.2,5,13,16,150
3,6,143,1.3,5.2,13,16,130
1,6,-1,1.3,5.5,8,8,100
-1,6,142,1.4,5.2,13,16,200
3,6,165,2,5.5,13,32,180
2,6,-1,1.5,5.5,8,16,160
4,6,189,1.5,5.5,13,32,200
2,7,-1,1.5,5.5,-1,16,180
1,7,160,1.5,5,-1,16,130
4,7,226,2.5,6,-1,64,370
4,7,182,2,5.5,13,64,280
4,7,165,2.4,5.5,-1,64,700
4,7,145,2.4,5.1,-1,-1,600
-1,7,146,2.3,5.2,12,32,280
3,7,475,2,10,8,16,240
2,7,500,1.4,10,5,16,140
3,7,300,2,8,8,16,190
2,7,310,1.4,8,5,16,100
4,7,163,2.3,5.7,-1,-1,750
2,-1,7,155,2,5.2,12,96
-1,7,145,1.4,5,13,16,200
2,7,-1,1.4,5,8,16,160
4,7,429,2.1,9.7,13,32,750
4,7,188,2.3,6,23,32,380
3,7,143,2.3,5,23,32,280
2,7,136,1.5,5,8,16,170
3,7.1,180,2,4.5,12,32,600
4,7.1,161,2.1,5.2,19,32,660
4,7.1,195,2.4,5.4,19,64,750
3,7.1,135,2.2,5.1,12,64,300
2,7.1,-1,1.4,5.2,13,16,200
0.75,-1,60.5,1.1,1.2,-1,4,380
0.75,-1,57,1.1,1.2,-1,4,330
0.75,-1,-1,1.1,1.3,-1,4,370
0.5,-1,-1,1.1,1.2,-1,4,280
1,5.1,-1,1.3,4.5,5,16,120
3,6,148,1,5,13,16,120
4,6,163,1.5,5.5,13,32,250
-1,6,148,1.3,5,8,16,160
4,6,175,2.1,5.5,16,32,280
4,6,-1,1.8,5.5,-1,0.125,360
1,6,140,1.1,4.5,5,8,60
4,6,185,1.9,6,16,64,480
3,6,145,1.2,5.5,13,16,160
2,6,133,1.2,5,13,16,130
3,6,329,2,8,8,16,170
4,7,178,1.4,5.5,13,32,250
4,7,155,2.3,5.8,12,64,700
4,7,173,2.3,6.2,12,64,900
2,7,172,1.4,5,13,16,240
2,7,180,1.4,5.5,13,16,200
0.005859375,6,215,1.9,6,12,-1,460
1,6,250,1.3,7,2,8,130
2,6,150,1.4,5,8,16,160
4,6,168,2.3,5.5,-1,32,280
2,6,-1,1.3,5,8,16,100
3,6,162,1.3,5.5,13,32,140
0.5,6,-1,1.1,4,2,4,50
3,6,193,1.3,5.5,13,32,130
4,6,165,1.4,5.2,16,-1,170
4,6,154,1.5,5.5,13,64,280
4,6,155,1.9,5.2,-1,64,310
2,7,350,1.4,8,5,16,220
-1,7,184,2.4,5.7,-1,64,550
1.5,7,141.8,1.4,5.3,8,16,90
2,7,155,2.3,5.5,13,16,210
0.005859375,7,170,2.3,5.5,-1,0.125,700
4,7.1,158,2.2,5.2,12,-1,370
3,7.1,153,2.2,5.2,16,32,290
0.005859375,7.1,168,2.4,5.1,-1,-1,400
2,7.1,180,1.4,6,13,16,120
3,-1,175,1.8,5.5,16,32,330
4,-1,328,2.1,7.9,13,64,290
0.75,-1,89,1.1,1.4,-1,4,200
2,6,150,1.4,5,13,16,150
2,6,135,1.3,5,8,16,140
4,6,153,1.5,5.5,13,64,330
4,6,153,1.5,5.5,13,64,380
2,6,146.7,1,5,8,16,90
3,6,169,1.3,5,13,16,110
2,6,150,1.4,5,13,16,110
4,7,178,2.5,5.5,-1,64,380
4,7,-1,1.8,5.5,-1,64,240
4,7,-1,1.4,5.2,13,32,200
3,7,310,1.4,10,8,16,330
4,7,169,2.3,5.5,-1,0.125,380
4,7,143,2.3,5,-1,64,330
2,7,165,1.4,5.5,12,16,250
2,7,143,1.5,5,13,16,150
2,7,166.5,1.4,5.2,16,32,400
2,7,150,1.4,5.7,13,32,260
-1,7,162,1.3,5,8,16,120
1,7,154,1.1,5,5,8,100
3,7.1,-1,1.8,7.9,13,32,390
4,7.1,169,2.4,5.5,12,64,750
4,7.1,211,2,6.4,12,-1,280
-1,7,155,2.4,5.1,-1,64,500
3,7,165,1.4,5.5,12,32,250
3,7,310,1.4,8,8,32,300
4,7,179,2.4,5.7,13,32,250
3,7,-1,1.6,5.5,13,64,300
2,7,148,1.4,5,13,16,220
1.5,7,151,1.3,5,13,16,100
2,7.1,181,1.4,5.5,13,16,180
2,7.1,150,1.4,5,8,16,130
3,7.1,-1,1.6,5.5,13,16,340
2,7.1,-1,1.6,5.2,13,16,280
3,7.1,198,1.3,5.5,13,16,190
2,7.1,151,1.3,5,8,16,150
3,7.1,145,2.2,5.5,12,32,400
0.005859375,7.1,153,2.4,5.5,-1,64,500
0.005859375,7.1,188,2.2,6,-1,64,500
4,7.1,150,2.2,5.5,-1,64,400
0.005859375,7.1,173,2.3,5.5,-1,-1,500
-1,2.1,105,0.6,2.8,3.15,0.146484375,60
0.25,2.1,165,0.6,3.7,5,0.5,150
0.25,2.2,105,0.528,2.6,3.2,0.5,90
0.5,2.2,111.5,0.6,2.8,3.15,0.146484375,60
0.5,2.2,-1,1,3.8,5,8,270
0.25,2.2,85,0.6,3.2,5,0.15625,100
-1,2.2,113,0.832,3.5,5,0.154296875,70
0.25,2.2,485,0.8,7,2,0.5,170
0.5,2.2,143,1,4,5,0.78125,210
0.578125,2.2,380,1,7,3.15,16,150
-1,2.3,144.5,-1,4,3.15,0.5,210
0.25,2.3,-1,1,3.5,2,0.5,60
0.5,2.3,130,1,3.8,5,-1,70
-1,2.3,124.7,0.8,3.2,3.15,0.1748046875,90
0.25,2.3,-1,1,4,2,0.5,50
0.25,2.3,89,1,3.5,-1,0.5,40
0.25,2.3,-1,0.65,3.5,2,0.5,90
0.25,2.3,107,0.8,3.2,2,0.5,160
1,2.3,132,1.5,4.5,8,16,160
-1,2.3,98,0.832,3.1,3.15,0.17578125,180
-1,2.3,134,0.65,3.5,3.15,0.18359375,100
1,2.3,170,1.2,4.3,5,1,150
0.5,2.3,102,0.8,3.2,3.15,0.146484375,80
1,2.3,116,1.2,4.3,8,16,220
1,2.3,160,1.2,4.3,8,4,150
0.25,2.3,123,0.65,3.2,3.15,0.5,130
-1,2.3,135,0.65,3.5,3.15,0.21484375,120
-1,2.3,130,1,4,5,-1,110
-1,2.3,104,1,3.2,3.2,-1,70
-1,2.3,-1,1,3.8,5,0.5,110
0.25,2.3,130,1,3.5,3,-1,50
0.25,2.3,135,1,3.5,2,0.5,70
-1,2.3,-1,0.65,3.1,2,-1,70
0.5,2.3,98,0.8,3.5,3.15,0.5,110
0.5,2.3,-1,0.6,3.2,3.15,0.5,160
1,3.1,565,1,10,3.15,16,290
1,3.2,727,1,10,5,16,280
1,3.2,458,1.5,8.9,3.15,16,220
1,3.2,340,1.4,7.7,3.15,16,280
1,3.2,372,1,5.5,5,4,210
1,3.2,390,1.2,7,5,8,150
1,3.2,390,1.2,7,5,8,160
1,3.2,345,1.2,7,3.15,16,260
0.5,4,-1,1,5,8,4,100
0.5,4,-1,1,3.9,2,4,90
0.5,4,-1,1,3.5,3.15,4,60
0.5,4,-1,1,4.3,5,4,100
1,4,140,1.4,4,5,4,180
1,4,132,1.5,4.5,8,8,350
0.5,4,335,1,7,2,4,90
-1,4,150,1,5,5,0.111328125,80
-1,4,-1,1,4.5,5,0.16015625,70
-1,4,87.5,1,4,3.15,0.087890625,50
-1,4,110,-1,4,3.15,0.17578125,50
0.5,4,-1,1.2,4.5,5,4,130
0.5,4,-1,1.2,4,5,4,120
0.5,4,155,1,4,5,4,180
1,4,140,1.2,4.3,8,4,210
0.5,4,190,1,4.3,5,4,110
0.5,4,134,1.2,4,8,4,120
0.5,4,180,1,4,5,4,100
1,4,680,1.6,10,2,16,230
1,4,660,1.6,10,2,16,190
1,4,305,1.5,7,2,16,110
1,4,490,1.5,8,-1,8,200
0.5,4,326,1,7,-1,4,130
0.5,4,97.2,0.85,2.8,2,4,90
0.75,4,122,1,4,5,4,150
1,4,685,1.2,10,2,8,260
1,4,620,1.2,10,3.15,8,250
0.5,4,-1,1.2,8,2,1,80
1,4,340,1,7,-1,4,130
1,4,-1,1.5,4.3,8,4,230
0.5,4,118.4,1,4.3,8,4,190
0.5,4,140,1,4,5,4,110
0.5,4,-1,1.2,9,1.3,2,90
0.5,4,-1,1,4,5,4,100
0.5,4,-1,1,4,3.15,4,80
0.5,4,280,1,5.9,8,4,160
0.5,4,162,1,4,5,4,140
0.5,4,-1,1.2,7,2,4,70
0.5,4.1,335,1,7,2,4,100
0.5,4.1,170,1,4,5,4,250
-1,4.1,-1,1,4.7,8,-1,140
1,4.1,-1,1.2,4.6,8,4,170
1,4.1,155,1.2,4.5,5,4,160
0.5,4.1,-1,1.2,7,2,1,70
1,4.1,130,1.2,4.5,5,4,150
1,4.1,140,1.2,4.5,8,4,170
1,4.1,120,1.2,4,5,4,120
0.5,4.1,132,1.2,4,8,4,120
1,4.1,140,1.2,5.3,8,4,180
0.5,4.1,199,1.2,5,5,4,150
0.5,4.1,134,1.2,4.5,8,4,120
1,4.1,158,1.2,4.5,8,4,120
0.5,4.1,133,1.2,4.3,8,4,120
0.5,4.1,124,1.2,4,8,4,100
0.5,4.1,130,1,3.5,3.15,4,80
1,4.1,450,1.6,8,5,16,240
1,4.1,450,1.2,8,5,16,200
1,4.1,305,1.6,7,2,8,130
0.5,4.1,305,1,7,-1,4,70
0.5,4.1,305,1,7,-1,8,70
0.5,4.1,136,1,4,5,4,110
2,4.1,179.4,1.6,5.5,8,16,350
1,4.1,-1,1.5,8,3.15,1.5,100
1,4.1,-1,1.5,9.7,2,1.5,140
0.5,4.1,-1,1,4.5,5,4,110
1,4.1,122,1.5,4.7,13,16,210
1,4.1,151,1.2,4.5,8,4,110
0.25,4.1,-1,1,3.5,1.3,0.5,50
1,4.1,-1,1.2,4.7,8,4,140
1,4.1,160,1.2,5,8,4,200
1,4.2,430,1.2,7.9,5,8,150
1,4.2,103.5,1.3,4.7,8,8,160
2,4.2,150,2.2,5.5,16,16,340
2,4.2,-1,1.5,5,13,32,250
1,4.2,135,1.5,4.8,8,16,200
1,4.2,-1,1.3,5,8,4,130
1,4.2,-1,1.5,5.7,13,16,220
0.5,4.2,-1,1.2,5.5,5,4,110
0.5,4.2,-1,1.3,4.3,5,4,90
0.5,4.2,-1,1.3,4,5,4,70
0.5,4.2,-1,1.2,4.5,5,4,110
2,4.2,155,1.2,5,8,8,190
0.25,4.2,-1,1.3,4,2,0.5,50
0.5,4.2,-1,1.2,5,5,4,100
0.5,4.2,-1,1.2,4,3.15,4,290
1,4.2,612,1.6,10,2,16,220
2,4.2,621,1.6,9.7,5,16,200
1,4.2,450,1.2,8,5,16,190
1,4.2,191,1.5,6,13,4,270
1,4.2,146,1.5,5,13,16,280
0.5,4.2,135,1.2,5,5,4,150
0.5,4.2,183,1.2,5,5,4,160
0.5,4.2,145,1.2,4.5,5,4,120
0.5,4.2,145,1.2,4.5,5,4,120
0.5,4.2,120,1.2,4,3.15,4,90
1,4.2,130,1.2,5,8,4,200
1,4.2,612,1.6,10,2,8,220
2,4.2,621,1.6,9.7,2,8,200
1,4.2,406,1.6,7.8,2,8,140
1,4.2,-1,1.2,4.7,8,16,180
1,4.2,145,1.2,4.5,8,4,150
1,4.2,165.4,1.2,5,8,4,140
2,4.2,-1,1.2,4.7,13,16,240
0.25,4.2,115.3,1.3,4,3.15,0.5,60
0.5,4.2,-1,1.3,4.5,5,4,80
2,4.2,239,1.6,7,13,16,400
0.5,4.2,146,1.3,4.5,5,4,110
0.5,4.2,120,1.3,4,2,4,70
1,4.2,560,1.2,10,5,32,300
1,4.2,560,1.2,10,5,16,220
1,4.2,560,1.2,10,-1,16,190
1,4.2,-1,1.2,5,8,4,190
0.5,4.2,-1,1.3,4,2,4,60
0.5,4.2,130,1.3,4.5,5,4,110
2,4.2,130,2.3,5,13,16,390
1,4.3,160,1.2,5,8,8,280
1,4.3,140,1.2,4.5,5,4,230
1,4.3,145,1.2,4.5,5,8,110
1,4.3,-1,1.2,4,5,8,70
0.5,4.4,174,1.3,5.5,5,4,50
1,4.4,170,1.3,4,5,4,320
2,4.4,149,1.2,5,8,16,120
1,4.4,130,-1,4.5,8,16,100
0.25,4.4,102,1,3.5,3.15,0.5,40
1,4.4,-1,1.3,4.5,5,4,90
1,4.4,148,1.3,5,5,8,100
1,4.4,138,1.2,5,8,8,150
1,4.4,-1,1.3,4.5,5,4,80
1,4.4,143,1.3,4.5,5,8,110
1,4.4,-1,1.2,4.4,8,8,200
1,4.4,155,1.2,4.5,5,4,100
1,4.4,-1,1.2,4.9,8,8,120
1,4.4,-1,1.7,5,8,8,140
1,4.4,-1,1.3,4,5,8,180
1.5,4.4,487,1.2,10,3.15,16,280
3,4.4,176,2.7,5.7,16,32,550
1,5.1,167,1.1,5,5,8,110
2,5.1,470,1.3,10,5,16,230
3,5.1,-1,2.3,4.7,16,32,360
2,5.1,148,1.4,5,13,16,230
2,5.1,139,1.4,5,13,16,210
1,5.1,115,1,4.5,8,8,180
-1,5.1,144,1.5,5,13,16,260
-1,5.1,162,1.5,5.5,13,16,300
0.5,-1,-1,0.8,3.2,3.15,0.5,110